[32mStarted HTTP and WebSocket JSON-RPC server at http://127.0.0.1:8545/[39m

Accounts
========

[1mWARNING: These accounts, and their private keys, are publicly known.[22m
[1mAny funds sent to them on Mainnet or any other live network WILL BE LOST.[22m

Account #0: 0xf39Fd6e51aad88F6F4ce6aB8827279cffFb92266 (10000 ETH)
Private Key: 0xac0974bec39a17e36ba4a6b4d238ff944bacb478cbed5efcae784d7bf4f2ff80

Account #1: 0x70997970C51812dc3A010C7d01b50e0d17dc79C8 (10000 ETH)
Private Key: 0x59c6995e998f97a5a0044966f0945389dc9e86dae88c7a8412f4603b6b78690d

Account #2: 0x3C44CdDdB6a900fa2b585dd299e03d12FA4293BC (10000 ETH)
Private Key: 0x5de4111afa1a4b94908f83103eb1f1706367c2e68ca870fc3fb9a804cdab365a

Account #3: 0x90F79bf6EB2c4f870365E785982E1f101E93b906 (10000 ETH)
Private Key: 0x7c852118294e51e653712a81e05800f419141751be58f605c371e15141b007a6

Account #4: 0x15d34AAf54267DB7D7c367839AAf71A00a2C6A65 (10000 ETH)
Private Key: 0x47e179ec197488593b187f80a00eb0da91f1b9d0b13f8733639f19c30a34926a

Account #5: 0x9965507D1a55bcC2695C58ba16FB37d819B0A4dc (10000 ETH)
Private Key: 0x8b3a350cf5c34c9194ca85829a2df0ec3153be0318b5e2d3348e872092edffba

Account #6: 0x976EA74026E726554dB657fA54763abd0C3a0aa9 (10000 ETH)
Private Key: 0x92db14e403b83dfe3df233f83dfa3a0d7096f21ca9b0d6d6b8d88b2b4ec1564e

Account #7: 0x14dC79964da2C08b23698B3D3cc7Ca32193d9955 (10000 ETH)
Private Key: 0x4bbbf85ce3377467afe5d46f804f221813b2bb87f24d81f60f1fcdbf7cbf4356

Account #8: 0x23618e81E3f5cdF7f54C3d65f7FBc0aBf5B21E8f (10000 ETH)
Private Key: 0xdbda1821b80551c9d65939329250298aa3472ba22feea921c0cf5d620ea67b97

Account #9: 0xa0Ee7A142d267C1f36714E4a8F75612F20a79720 (10000 ETH)
Private Key: 0x2a871d0798f97d79848a013d4936a73bf4cc922c825d33c1cf7073dff6d409c6

Account #10: 0xBcd4042DE499D14e55001CcbB24a551F3b954096 (10000 ETH)
Private Key: 0xf214f2b2cd398c806f84e317254e0f0b801d0643303237d97a22a48e01628897

Account #11: 0x71bE63f3384f5fb98995898A86B02Fb2426c5788 (10000 ETH)
Private Key: 0x701b615bbdfb9de65240bc28bd21bbc0d996645a3dd57e7b12bc2bdf6f192c82

Account #12: 0xFABB0ac9d68B0B445fB7357272Ff202C5651694a (10000 ETH)
Private Key: 0xa267530f49f8280200edf313ee7af6b827f2a8bce2897751d06a843f644967b1

Account #13: 0x1CBd3b2770909D4e10f157cABC84C7264073C9Ec (10000 ETH)
Private Key: 0x47c99abed3324a2707c28affff1267e45918ec8c3f20b8aa892e8b065d2942dd

Account #14: 0xdF3e18d64BC6A983f673Ab319CCaE4f1a57C7097 (10000 ETH)
Private Key: 0xc526ee95bf44d8fc405a158bb884d9d1238d99f0612e9f33d006bb0789009aaa

Account #15: 0xcd3B766CCDd6AE721141F452C550Ca635964ce71 (10000 ETH)
Private Key: 0x8166f546bab6da521a8369cab06c5d2b9e46670292d85c875ee9ec20e84ffb61

Account #16: 0x2546BcD3c84621e976D8185a91A922aE77ECEc30 (10000 ETH)
Private Key: 0xea6c44ac03bff858b476bba40716402b03e41b8e97e276d1baec7c37d42484a0

Account #17: 0xbDA5747bFD65F08deb54cb465eB87D40e51B197E (10000 ETH)
Private Key: 0x689af8efa8c651a91ad287602527f3af2fe9f6501a7ac4b061667b5a93e037fd

Account #18: 0xdD2FD4581271e230360230F9337D5c0430Bf44C0 (10000 ETH)
Private Key: 0xde9be858da4a475276426320d5e9262ecfc3ba460bfac56360bfa6c4c28b4ee0

Account #19: 0x8626f6940E2eb28930eFb4CeF49B2d1F2C9C1199 (10000 ETH)
Private Key: 0xdf57089febbacf7ba0bc227dafbffa9fc08a93fdc68e1e42411a14efcf23656e

[1mWARNING: These accounts, and their private keys, are publicly known.[22m
[1mAny funds sent to them on Mainnet or any other live network WILL BE LOST.[22m

[32meth_accounts[0m
[32mhardhat_metadata[0m
[32mhardhat_metadata (2)[0m
[32mhardhat_metadata (3)[0m
[32mhardhat_metadata (4)[0m
[32mhardhat_metadata (5)[0m
[32mhardhat_metadata (6)[0m
[32mhardhat_metadata (7)[0m
[32mhardhat_metadata (8)[0m
[32mhardhat_metadata (9)[0m
[32mhardhat_metadata (10)[0m
[32mhardhat_metadata (11)[0m
[32mhardhat_metadata (12)[0m
[32mhardhat_metadata (13)[0m
[32mhardhat_metadata (14)[0m
[32mhardhat_metadata (15)[0m
[32mhardhat_metadata (16)[0m
[32mhardhat_metadata (17)[0m
[32mhardhat_metadata (18)[0m
[32mhardhat_metadata (19)[0m
[32mhardhat_metadata (20)[0m
[32meth_blockNumber[0m
[32meth_getBlockByNumber[0m
[32meth_feeHistory[0m
[32meth_maxPriorityFeePerGas[0m
[32meth_sendTransaction[0m
  Contract deployment: CrowdFund
  Contract address:    0x5fbdb2315678afecb367f032d93f642f64180aa3
  Transaction:         0x6b33974b30bb7174459d01429ea212e9fab2b4277dcc7acb7dbbf9292d932552
  From:                0xf39fd6e51aad88f6f4ce6ab8827279cfffb92266
  Value:               0 ETH
  Gas used:            2435214 of 30000000
  Block #1:            0xb48070e87cd171ccadbfa35810d8ac24bdb6bf08657e9b33a4f2df45895c2626

[32meth_getTransactionByHash[0m
[32meth_getTransactionReceipt[0m
[32meth_blockNumber[0m
[32mnet_version[0m
[32mnet_version (2)[0m
[32meth_getBlockByNumber[0m
[32meth_blockNumber[0m
[32meth_blockNumber (2)[0m
[32meth_getBalance[0m
[32meth_getBalance (2)[0m
[32meth_getBalance (3)[0m
[32meth_getBalance (4)[0m
[32meth_getBalance (5)[0m
[32meth_getBalance (6)[0m
[32meth_getBalance (7)[0m
[32meth_getBalance (8)[0m
[32meth_getBalance (9)[0m
[32meth_getBalance (10)[0m
[32meth_getBalance (11)[0m
[32meth_getBalance (12)[0m
[32meth_getBalance (13)[0m
[32meth_getBalance (14)[0m
[32meth_getBalance (15)[0m
[32meth_getBalance (16)[0m
[32meth_getBalance (17)[0m
[32meth_getBalance (18)[0m
[32meth_getBalance (19)[0m
[32meth_getBalance (20)[0m
[32meth_getBalance (21)[0m
[32meth_getBalance (22)[0m
[32meth_getBalance (23)[0m
[32meth_getBalance (24)[0m
[32meth_getBalance (25)[0m
[32meth_getBalance (26)[0m
[32meth_getBalance (27)[0m
[32meth_getBalance (28)[0m
[32meth_getBalance (29)[0m
[32meth_getBalance (30)[0m
[32meth_getBalance (31)[0m
[32meth_getBalance (32)[0m
[32meth_getBalance (33)[0m
[32meth_getBalance (34)[0m
[32meth_getBalance (35)[0m
[32meth_getBalance (36)[0m
[32meth_getBalance (37)[0m
[32meth_getBalance (38)[0m
[32meth_getBalance (39)[0m
[32meth_getBalance (40)[0m
[32meth_getBalance (41)[0m
[32meth_getBalance (42)[0m
[32meth_getBalance (43)[0m
[32meth_getBalance (44)[0m
[32meth_getBalance (45)[0m
[32meth_getBalance (46)[0m
[32meth_getBalance (47)[0m
[32meth_getBalance (48)[0m
[32meth_getBalance (49)[0m
[32meth_getBalance (50)[0m
[32meth_getBalance (51)[0m
[32meth_getBalance (52)[0m
[32meth_getBalance (53)[0m
[32meth_getBalance (54)[0m
[32meth_getBalance (55)[0m
[32meth_getBalance (56)[0m
[32meth_getBalance (57)[0m
[32meth_getBalance (58)[0m
[32meth_getBalance (59)[0m
[32meth_getBalance (60)[0m
[32meth_getBalance (61)[0m
[32meth_getBalance (62)[0m
[32meth_getBalance (63)[0m
[32meth_getBalance (64)[0m
[32meth_getBalance (65)[0m
[32meth_getBalance (66)[0m
[32meth_getBalance (67)[0m
[32meth_getBalance (68)[0m
[32meth_getBalance (69)[0m
[32meth_getBalance (70)[0m
[32meth_getBalance (71)[0m
[32meth_getBalance (72)[0m
[32meth_getBalance (73)[0m
[32meth_getBalance (74)[0m
[32meth_getBalance (75)[0m
[32meth_getBalance (76)[0m
[32meth_getBalance (77)[0m
[32meth_getBalance (78)[0m
[32meth_getBalance (79)[0m
[32meth_getBalance (80)[0m
[32meth_getBalance (81)[0m
[32meth_getBalance (82)[0m
[32meth_getBalance (83)[0m
[32meth_getBalance (84)[0m
[32meth_getBalance (85)[0m
[32meth_getBalance (86)[0m
[32meth_getBalance (87)[0m
[32meth_getBalance (88)[0m
[32meth_getBalance (89)[0m
[32meth_getBalance (90)[0m
[32meth_getBalance (91)[0m
[32meth_getBalance (92)[0m
[32meth_getBalance (93)[0m
[32meth_getBalance (94)[0m
[32meth_getBalance (95)[0m
[32meth_getBalance (96)[0m
[32meth_getBalance (97)[0m
[32meth_getBalance (98)[0m
[32meth_getBalance (99)[0m
[32meth_getBalance (100)[0m
[32meth_getBalance (101)[0m
[32meth_getBalance (102)[0m
[32meth_getBalance (103)[0m
[32meth_getBalance (104)[0m
[32meth_getBalance (105)[0m
[32meth_getBalance (106)[0m
[32meth_getBalance (107)[0m
[32meth_getBalance (108)[0m
[32meth_getBalance (109)[0m
[32meth_getBalance (110)[0m
[32meth_getBalance (111)[0m
[32meth_getBalance (112)[0m
[32meth_getBalance (113)[0m
[32meth_getBalance (114)[0m
[32meth_getBalance (115)[0m
[32meth_getBalance (116)[0m
[32meth_getBalance (117)[0m
[32meth_getBalance (118)[0m
[32meth_getBalance (119)[0m
[32meth_getBalance (120)[0m
[32meth_getBalance (121)[0m
[32meth_getBalance (122)[0m
[32meth_getBalance (123)[0m
[32meth_getBalance (124)[0m
[32meth_getBalance (125)[0m
[32meth_getBalance (126)[0m
[32meth_getBalance (127)[0m
[32meth_getBalance (128)[0m
[32meth_getBalance (129)[0m
[32meth_getBalance (130)[0m
[32meth_getBalance (131)[0m
[32meth_getBalance (132)[0m
[32meth_getBalance (133)[0m
[32meth_getBalance (134)[0m
[32meth_getBalance (135)[0m
[32meth_getBalance (136)[0m
[32meth_getLogs[0m
[32meth_getLogs (2)[0m
[32meth_getLogs (3)[0m
[32meth_getLogs (4)[0m
[32meth_getLogs (5)[0m
[32meth_getLogs (6)[0m
[32meth_getLogs (7)[0m
[32meth_getLogs (8)[0m
[32meth_getLogs (9)[0m
[32meth_call[0m
  Contract call:       CrowdFund#projectCounter
  From:                0xf39fd6e51aad88f6f4ce6ab8827279cfffb92266
  To:                  0x5fbdb2315678afecb367f032d93f642f64180aa3

[32meth_blockNumber[0m
[32meth_gasPrice[0m
[32meth_blockNumber[0m
[32meth_blockNumber (2)[0m
[32meth_estimateGas[0m
[32meth_getCode[0m
[32meth_getCode (2)[0m
[32meth_accounts[0m
[31meth_call[0m
  Contract call:       CrowdFund#<unrecognized-selector>
  From:                0xf39fd6e51aad88f6f4ce6ab8827279cfffb92266
  To:                  0x5fbdb2315678afecb367f032d93f642f64180aa3

  Error: Transaction reverted without a reason

[31meth_call[0m
  Contract call:       CrowdFund#<unrecognized-selector>
  From:                0xf39fd6e51aad88f6f4ce6ab8827279cfffb92266
  To:                  0x5fbdb2315678afecb367f032d93f642f64180aa3

  Error: Transaction reverted without a reason

[31meth_call[0m
  Contract call:       CrowdFund#<unrecognized-selector>
  From:                0xf39fd6e51aad88f6f4ce6ab8827279cfffb92266
  To:                  0x5fbdb2315678afecb367f032d93f642f64180aa3

  Error: Transaction reverted without a reason

[31meth_call[0m
  Contract call:       CrowdFund#<unrecognized-selector>
  From:                0xf39fd6e51aad88f6f4ce6ab8827279cfffb92266
  To:                  0x5fbdb2315678afecb367f032d93f642f64180aa3

  Error: Transaction reverted without a reason

[32meth_blockNumber[0m
[31meth_call[0m
  Contract call:       CrowdFund#<unrecognized-selector>
  From:                0xf39fd6e51aad88f6f4ce6ab8827279cfffb92266
  To:                  0x5fbdb2315678afecb367f032d93f642f64180aa3

  Error: Transaction reverted without a reason

[31meth_call[0m
  Contract call:       CrowdFund#<unrecognized-selector>
  From:                0xf39fd6e51aad88f6f4ce6ab8827279cfffb92266
  To:                  0x5fbdb2315678afecb367f032d93f642f64180aa3

  Error: Transaction reverted without a reason

[31meth_call[0m
  Contract call:       CrowdFund#<unrecognized-selector>
  From:                0xf39fd6e51aad88f6f4ce6ab8827279cfffb92266
  To:                  0x5fbdb2315678afecb367f032d93f642f64180aa3

  Error: Transaction reverted without a reason

[31meth_call[0m
  Contract call:       CrowdFund#<unrecognized-selector>
  From:                0xf39fd6e51aad88f6f4ce6ab8827279cfffb92266
  To:                  0x5fbdb2315678afecb367f032d93f642f64180aa3

  Error: Transaction reverted without a reason

[31meth_call[0m
  Contract call:       CrowdFund#<unrecognized-selector>
  From:                0xf39fd6e51aad88f6f4ce6ab8827279cfffb92266
  To:                  0x5fbdb2315678afecb367f032d93f642f64180aa3

  Error: Transaction reverted without a reason

[31meth_call[0m
  Contract call:       CrowdFund#<unrecognized-selector>
  From:                0xf39fd6e51aad88f6f4ce6ab8827279cfffb92266
  To:                  0x5fbdb2315678afecb367f032d93f642f64180aa3

  Error: Transaction reverted without a reason

[32meth_getTransactionCount[0m
[32meth_sendRawTransaction[0m
  Contract call:       CrowdFund#createProject
  Transaction:         0x18711c9efabd24e05f7bd635c35f57be14cbb3a3efa73f658076b4ecc31a8803
  From:                0xf39fd6e51aad88f6f4ce6ab8827279cfffb92266
  To:                  0x5fbdb2315678afecb367f032d93f642f64180aa3
  Value:               0 ETH
  Gas used:            350605 of 350605
  Block #2:            0x2fa8cb90a0dcfc850f17e426c6620ce408679be74995617805a92ed62dd5ae52

[31meth_call[0m
  Contract call:       CrowdFund#<unrecognized-selector>
  From:                0xf39fd6e51aad88f6f4ce6ab8827279cfffb92266
  To:                  0x5fbdb2315678afecb367f032d93f642f64180aa3

  Error: Transaction reverted without a reason

[31meth_call[0m
  Contract call:       CrowdFund#<unrecognized-selector>
  From:                0xf39fd6e51aad88f6f4ce6ab8827279cfffb92266
  To:                  0x5fbdb2315678afecb367f032d93f642f64180aa3

  Error: Transaction reverted without a reason

[32meth_getTransactionReceipt[0m
[31meth_call[0m
  Contract call:       CrowdFund#<unrecognized-selector>
  From:                0xf39fd6e51aad88f6f4ce6ab8827279cfffb92266
  To:                  0x5fbdb2315678afecb367f032d93f642f64180aa3

  Error: Transaction reverted without a reason

[31meth_call[0m
  Contract call:       CrowdFund#<unrecognized-selector>
  From:                0xf39fd6e51aad88f6f4ce6ab8827279cfffb92266
  To:                  0x5fbdb2315678afecb367f032d93f642f64180aa3

  Error: Transaction reverted without a reason

[32meth_blockNumber[0m
[32meth_getBlockByNumber[0m
[32meth_getLogs[0m
[32meth_getLogs (2)[0m
[32meth_getLogs (3)[0m
[32meth_getLogs (4)[0m
[32meth_getLogs (5)[0m
[32meth_getLogs (6)[0m
[32meth_getLogs (7)[0m
[32meth_getLogs (8)[0m
[32meth_getLogs (9)[0m
[32meth_getBalance[0m
[32meth_getBalance (2)[0m
[32meth_getBalance (3)[0m
[32meth_getBalance (4)[0m
[32meth_getBalance (5)[0m
[32meth_getBalance (6)[0m
[32meth_getBalance (7)[0m
[32meth_getBalance (8)[0m
[32meth_getBalance (9)[0m
[32meth_getBalance (10)[0m
[32meth_getBalance (11)[0m
[32meth_getBalance (12)[0m
[32meth_getBalance (13)[0m
[32meth_getBalance (14)[0m
[32meth_getBalance (15)[0m
[32meth_getBalance (16)[0m
[32meth_getBalance (17)[0m
[32meth_getBalance (18)[0m
[32meth_getBalance (19)[0m
[32meth_getBalance (20)[0m
[32meth_getBalance (21)[0m
[32meth_getBalance (22)[0m
[32meth_getBalance (23)[0m
[32meth_getBalance (24)[0m
[32meth_getBalance (25)[0m
[32meth_getBalance (26)[0m
[32meth_getBalance (27)[0m
[32meth_getBalance (28)[0m
[32meth_getBalance (29)[0m
[32meth_getBalance (30)[0m
[32meth_getBalance (31)[0m
[32meth_getBalance (32)[0m
[32meth_getBalance (33)[0m
[32meth_getBalance (34)[0m
[32meth_getBalance (35)[0m
[32meth_getBalance (36)[0m
[32meth_getBalance (37)[0m
[32meth_getBalance (38)[0m
[32meth_getBalance (39)[0m
[32meth_getBalance (40)[0m
[32meth_getBalance (41)[0m
[32meth_getBalance (42)[0m
[32meth_getBalance (43)[0m
[32meth_getBalance (44)[0m
[32meth_getBalance (45)[0m
[32meth_getBalance (46)[0m
[32meth_getBalance (47)[0m
[32meth_getBalance (48)[0m
[32meth_getBalance (49)[0m
[32meth_getBalance (50)[0m
[32meth_getBalance (51)[0m
[32meth_getBalance (52)[0m
[32meth_getBalance (53)[0m
[32meth_getBalance (54)[0m
[32meth_getBalance (55)[0m
[32meth_getBalance (56)[0m
[32meth_getBalance (57)[0m
[32meth_getBalance (58)[0m
[32meth_getBalance (59)[0m
[32meth_getBalance (60)[0m
[32meth_getBalance (61)[0m
[32meth_getBalance (62)[0m
[32meth_getBalance (63)[0m
[32meth_getBalance (64)[0m
[32meth_getBalance (65)[0m
[32meth_getBalance (66)[0m
[32meth_getBalance (67)[0m
[32meth_getBalance (68)[0m
[32meth_getBalance (69)[0m
[32meth_getBalance (70)[0m
[32meth_getBalance (71)[0m
[32meth_getBalance (72)[0m
[32meth_getBalance (73)[0m
[32meth_getBalance (74)[0m
[32meth_getBalance (75)[0m
[32meth_getBalance (76)[0m
[32meth_getBalance (77)[0m
[32meth_getBalance (78)[0m
[32meth_getBalance (79)[0m
[32meth_getBalance (80)[0m
[32meth_getBalance (81)[0m
[32meth_getBalance (82)[0m
[32meth_getBalance (83)[0m
[32meth_getBalance (84)[0m
[32meth_getBalance (85)[0m
[32meth_getBalance (86)[0m
[32meth_getBalance (87)[0m
[32meth_getBalance (88)[0m
[32meth_getBalance (89)[0m
[32meth_getBalance (90)[0m
[32meth_getBalance (91)[0m
[32meth_getBalance (92)[0m
[32meth_getBalance (93)[0m
[32meth_getBalance (94)[0m
[32meth_getBalance (95)[0m
[32meth_getBalance (96)[0m
[32meth_getBalance (97)[0m
[32meth_getBalance (98)[0m
[32meth_getBalance (99)[0m
[32meth_getBalance (100)[0m
[32meth_getBalance (101)[0m
[32meth_getBalance (102)[0m
[32meth_getBalance (103)[0m
[32meth_getBalance (104)[0m
[32meth_getBalance (105)[0m
[32meth_getBalance (106)[0m
[32meth_getBalance (107)[0m
[32meth_getBalance (108)[0m
[32meth_getBalance (109)[0m
[32meth_getBalance (110)[0m
[32meth_getBalance (111)[0m
[32meth_getBalance (112)[0m
[32meth_getBalance (113)[0m
[32meth_getBalance (114)[0m
[32meth_getBalance (115)[0m
[32meth_getBalance (116)[0m
[32meth_getBalance (117)[0m
[32meth_getBalance (118)[0m
[32meth_getBalance (119)[0m
[32meth_getBalance (120)[0m
[32meth_getBalance (121)[0m
[32meth_getBalance (122)[0m
[32meth_getBalance (123)[0m
[32meth_getBalance (124)[0m
[32meth_getBalance (125)[0m
[32meth_getBalance (126)[0m
[32meth_getBalance (127)[0m
[32meth_getBalance (128)[0m
[32meth_getBalance (129)[0m
[32meth_getBalance (130)[0m
[32meth_getBalance (131)[0m
[32meth_getBalance (132)[0m
[32meth_getBalance (133)[0m
[32meth_getBalance (134)[0m
[32meth_getBalance (135)[0m
[32meth_getBalance (136)[0m
[32meth_call[0m
  Contract call:       CrowdFund#projectCounter
  From:                0xf39fd6e51aad88f6f4ce6ab8827279cfffb92266
  To:                  0x5fbdb2315678afecb367f032d93f642f64180aa3

[32meth_call[0m
  Contract call:       CrowdFund#projects
  From:                0xf39fd6e51aad88f6f4ce6ab8827279cfffb92266
  To:                  0x5fbdb2315678afecb367f032d93f642f64180aa3

[32meth_call[0m
  Contract call:       CrowdFund#getContributionAmount
  From:                0xf39fd6e51aad88f6f4ce6ab8827279cfffb92266
  To:                  0x5fbdb2315678afecb367f032d93f642f64180aa3

[32meth_getLogs[0m
[32meth_getLogs (2)[0m
[32meth_getLogs (3)[0m
[32meth_getLogs (4)[0m
[32meth_getLogs (5)[0m
[32meth_getLogs (6)[0m
[32meth_getLogs (7)[0m
[32meth_getLogs (8)[0m
[32meth_getLogs (9)[0m
[32meth_blockNumber[0m
[31meth_call[0m
  Contract call:       CrowdFund#<unrecognized-selector>
  From:                0xf39fd6e51aad88f6f4ce6ab8827279cfffb92266
  To:                  0x5fbdb2315678afecb367f032d93f642f64180aa3

  Error: Transaction reverted without a reason

[31meth_call[0m
  Contract call:       CrowdFund#<unrecognized-selector>
  From:                0xf39fd6e51aad88f6f4ce6ab8827279cfffb92266
  To:                  0x5fbdb2315678afecb367f032d93f642f64180aa3

  Error: Transaction reverted without a reason

[31meth_call[0m
  Contract call:       CrowdFund#<unrecognized-selector>
  From:                0xf39fd6e51aad88f6f4ce6ab8827279cfffb92266
  To:                  0x5fbdb2315678afecb367f032d93f642f64180aa3

  Error: Transaction reverted without a reason

[31meth_call[0m
  Contract call:       CrowdFund#<unrecognized-selector>
  From:                0xf39fd6e51aad88f6f4ce6ab8827279cfffb92266
  To:                  0x5fbdb2315678afecb367f032d93f642f64180aa3

  Error: Transaction reverted without a reason

[32meth_gasPrice[0m
[32meth_call[0m
  Contract call:       CrowdFund#getContributionAmount
  From:                0xf39fd6e51aad88f6f4ce6ab8827279cfffb92266
  To:                  0x5fbdb2315678afecb367f032d93f642f64180aa3

[32meth_call[0m
  Contract call:       CrowdFund#projectCounter
  From:                0x70997970c51812dc3a010c7d01b50e0d17dc79c8
  To:                  0x5fbdb2315678afecb367f032d93f642f64180aa3

[32meth_call[0m
  Contract call:       CrowdFund#projects
  From:                0x70997970c51812dc3a010c7d01b50e0d17dc79c8
  To:                  0x5fbdb2315678afecb367f032d93f642f64180aa3

[32meth_call[0m
  Contract call:       CrowdFund#getContributionAmount
  From:                0x70997970c51812dc3a010c7d01b50e0d17dc79c8
  To:                  0x5fbdb2315678afecb367f032d93f642f64180aa3

[32meth_estimateGas[0m
[32meth_getCode[0m
[32meth_getCode (2)[0m
[31meth_call[0m
  Contract call:       CrowdFund#<unrecognized-selector>
  From:                0xf39fd6e51aad88f6f4ce6ab8827279cfffb92266
  To:                  0x5fbdb2315678afecb367f032d93f642f64180aa3

  Error: Transaction reverted without a reason

[31meth_call[0m
  Contract call:       CrowdFund#<unrecognized-selector>
  From:                0xf39fd6e51aad88f6f4ce6ab8827279cfffb92266
  To:                  0x5fbdb2315678afecb367f032d93f642f64180aa3

  Error: Transaction reverted without a reason

[31meth_call[0m
  Contract call:       CrowdFund#<unrecognized-selector>
  From:                0xf39fd6e51aad88f6f4ce6ab8827279cfffb92266
  To:                  0x5fbdb2315678afecb367f032d93f642f64180aa3

  Error: Transaction reverted without a reason

[31meth_call[0m
  Contract call:       CrowdFund#<unrecognized-selector>
  From:                0xf39fd6e51aad88f6f4ce6ab8827279cfffb92266
  To:                  0x5fbdb2315678afecb367f032d93f642f64180aa3

  Error: Transaction reverted without a reason

[31meth_call[0m
  Contract call:       CrowdFund#<unrecognized-selector>
  From:                0xf39fd6e51aad88f6f4ce6ab8827279cfffb92266
  To:                  0x5fbdb2315678afecb367f032d93f642f64180aa3

  Error: Transaction reverted without a reason

[31meth_call[0m
  Contract call:       CrowdFund#<unrecognized-selector>
  From:                0xf39fd6e51aad88f6f4ce6ab8827279cfffb92266
  To:                  0x5fbdb2315678afecb367f032d93f642f64180aa3

  Error: Transaction reverted without a reason

[31meth_call[0m
  Contract call:       CrowdFund#<unrecognized-selector>
  From:                0xf39fd6e51aad88f6f4ce6ab8827279cfffb92266
  To:                  0x5fbdb2315678afecb367f032d93f642f64180aa3

  Error: Transaction reverted without a reason

[31meth_call[0m
  Contract call:       CrowdFund#<unrecognized-selector>
  From:                0xf39fd6e51aad88f6f4ce6ab8827279cfffb92266
  To:                  0x5fbdb2315678afecb367f032d93f642f64180aa3

  Error: Transaction reverted without a reason

[31meth_call[0m
  Contract call:       CrowdFund#<unrecognized-selector>
  From:                0xf39fd6e51aad88f6f4ce6ab8827279cfffb92266
  To:                  0x5fbdb2315678afecb367f032d93f642f64180aa3

  Error: Transaction reverted without a reason

[32meth_getTransactionCount[0m
[32meth_sendRawTransaction[0m
  Contract call:       CrowdFund#contribute
  Transaction:         0x5513902e9a8e7713371b0c29f04674313ddc93fefb00b117d978120eccf754f4
  From:                0x70997970c51812dc3a010c7d01b50e0d17dc79c8
  To:                  0x5fbdb2315678afecb367f032d93f642f64180aa3
  Value:               4. ETH
  Gas used:            142767 of 142767
  Block #3:            0x22b65c7b600d37a88f7ce4da3a5c82881aa592350a038a3ed820ecf2d3da1cfe

[31meth_call[0m
  Contract call:       CrowdFund#<unrecognized-selector>
  From:                0xf39fd6e51aad88f6f4ce6ab8827279cfffb92266
  To:                  0x5fbdb2315678afecb367f032d93f642f64180aa3

  Error: Transaction reverted without a reason

[32meth_getTransactionReceipt[0m
[31meth_call[0m
  Contract call:       CrowdFund#<unrecognized-selector>
  From:                0xf39fd6e51aad88f6f4ce6ab8827279cfffb92266
  To:                  0x5fbdb2315678afecb367f032d93f642f64180aa3

  Error: Transaction reverted without a reason

[32meth_blockNumber[0m
[32meth_getBlockByNumber[0m
[32meth_getLogs[0m
[32meth_getLogs (2)[0m
[32meth_getLogs (3)[0m
[32meth_getLogs (4)[0m
[32meth_getLogs (5)[0m
[32meth_getLogs (6)[0m
[32meth_getLogs (7)[0m
[32meth_getLogs (8)[0m
[32meth_getLogs (9)[0m
[31meth_call[0m
  Contract call:       CrowdFund#<unrecognized-selector>
  From:                0xf39fd6e51aad88f6f4ce6ab8827279cfffb92266
  To:                  0x5fbdb2315678afecb367f032d93f642f64180aa3

  Error: Transaction reverted without a reason

[31meth_call[0m
  Contract call:       CrowdFund#<unrecognized-selector>
  From:                0xf39fd6e51aad88f6f4ce6ab8827279cfffb92266
  To:                  0x5fbdb2315678afecb367f032d93f642f64180aa3

  Error: Transaction reverted without a reason

[32meth_getBalance[0m
[32meth_getBalance (2)[0m
[32meth_getBalance (3)[0m
[32meth_getBalance (4)[0m
[32meth_getBalance (5)[0m
[32meth_getBalance (6)[0m
[32meth_getBalance (7)[0m
[32meth_getBalance (8)[0m
[32meth_getBalance (9)[0m
[32meth_getBalance (10)[0m
[32meth_getBalance (11)[0m
[32meth_getBalance (12)[0m
[32meth_getBalance (13)[0m
[32meth_getBalance (14)[0m
[32meth_getBalance (15)[0m
[32meth_getBalance (16)[0m
[32meth_getBalance (17)[0m
[32meth_getBalance (18)[0m
[32meth_getBalance (19)[0m
[32meth_getBalance (20)[0m
[32meth_getBalance (21)[0m
[32meth_getBalance (22)[0m
[32meth_getBalance (23)[0m
[32meth_getBalance (24)[0m
[32meth_getBalance (25)[0m
[32meth_getBalance (26)[0m
[32meth_getBalance (27)[0m
[32meth_getBalance (28)[0m
[32meth_getBalance (29)[0m
[32meth_getBalance (30)[0m
[32meth_getBalance (31)[0m
[32meth_getBalance (32)[0m
[32meth_getBalance (33)[0m
[32meth_getBalance (34)[0m
[32meth_getBalance (35)[0m
[32meth_getBalance (36)[0m
[32meth_getBalance (37)[0m
[32meth_getBalance (38)[0m
[32meth_getBalance (39)[0m
[32meth_getBalance (40)[0m
[32meth_getBalance (41)[0m
[32meth_getBalance (42)[0m
[32meth_getBalance (43)[0m
[32meth_getBalance (44)[0m
[32meth_getBalance (45)[0m
[32meth_getBalance (46)[0m
[32meth_getBalance (47)[0m
[32meth_getBalance (48)[0m
[32meth_getBalance (49)[0m
[32meth_getBalance (50)[0m
[32meth_getBalance (51)[0m
[32meth_getBalance (52)[0m
[32meth_getBalance (53)[0m
[32meth_getBalance (54)[0m
[32meth_getBalance (55)[0m
[32meth_getBalance (56)[0m
[32meth_getBalance (57)[0m
[32meth_getBalance (58)[0m
[32meth_getBalance (59)[0m
[32meth_getBalance (60)[0m
[32meth_getBalance (61)[0m
[32meth_getBalance (62)[0m
[32meth_getBalance (63)[0m
[32meth_getBalance (64)[0m
[32meth_getBalance (65)[0m
[32meth_getBalance (66)[0m
[32meth_getBalance (67)[0m
[32meth_getBalance (68)[0m
[32meth_getBalance (69)[0m
[32meth_getBalance (70)[0m
[32meth_getBalance (71)[0m
[32meth_getBalance (72)[0m
[32meth_getBalance (73)[0m
[32meth_getBalance (74)[0m
[32meth_getBalance (75)[0m
[32meth_getBalance (76)[0m
[32meth_getBalance (77)[0m
[32meth_getBalance (78)[0m
[32meth_getBalance (79)[0m
[32meth_getBalance (80)[0m
[32meth_getBalance (81)[0m
[32meth_getBalance (82)[0m
[32meth_getBalance (83)[0m
[32meth_getBalance (84)[0m
[32meth_getBalance (85)[0m
[32meth_getBalance (86)[0m
[32meth_getBalance (87)[0m
[32meth_getBalance (88)[0m
[32meth_getBalance (89)[0m
[32meth_getBalance (90)[0m
[32meth_getBalance (91)[0m
[32meth_getBalance (92)[0m
[32meth_getBalance (93)[0m
[32meth_getBalance (94)[0m
[32meth_getBalance (95)[0m
[32meth_getBalance (96)[0m
[32meth_getBalance (97)[0m
[32meth_getBalance (98)[0m
[32meth_getBalance (99)[0m
[32meth_getBalance (100)[0m
[32meth_getBalance (101)[0m
[32meth_getBalance (102)[0m
[32meth_getBalance (103)[0m
[32meth_getBalance (104)[0m
[32meth_getBalance (105)[0m
[32meth_getBalance (106)[0m
[32meth_getBalance (107)[0m
[32meth_getBalance (108)[0m
[32meth_getBalance (109)[0m
[32meth_getBalance (110)[0m
[32meth_getBalance (111)[0m
[32meth_getBalance (112)[0m
[32meth_getBalance (113)[0m
[32meth_getBalance (114)[0m
[32meth_getBalance (115)[0m
[32meth_getBalance (116)[0m
[32meth_getBalance (117)[0m
[32meth_getBalance (118)[0m
[32meth_getBalance (119)[0m
[32meth_getBalance (120)[0m
[32meth_getBalance (121)[0m
[32meth_getBalance (122)[0m
[32meth_getBalance (123)[0m
[32meth_getBalance (124)[0m
[32meth_getBalance (125)[0m
[32meth_getBalance (126)[0m
[32meth_getBalance (127)[0m
[32meth_getBalance (128)[0m
[32meth_getBalance (129)[0m
[32meth_getBalance (130)[0m
[32meth_getBalance (131)[0m
[32meth_getBalance (132)[0m
[32meth_getBalance (133)[0m
[32meth_getBalance (134)[0m
[32meth_getBalance (135)[0m
[32meth_getBalance (136)[0m
[32meth_call[0m
  Contract call:       CrowdFund#projectCounter
  From:                0x70997970c51812dc3a010c7d01b50e0d17dc79c8
  To:                  0x5fbdb2315678afecb367f032d93f642f64180aa3

[32meth_call[0m
  Contract call:       CrowdFund#projects
  From:                0x70997970c51812dc3a010c7d01b50e0d17dc79c8
  To:                  0x5fbdb2315678afecb367f032d93f642f64180aa3

[32meth_call[0m
  Contract call:       CrowdFund#getContributionAmount
  From:                0x70997970c51812dc3a010c7d01b50e0d17dc79c8
  To:                  0x5fbdb2315678afecb367f032d93f642f64180aa3

[32meth_getLogs[0m
[32meth_getLogs (2)[0m
[32meth_getLogs (3)[0m
[32meth_getLogs (4)[0m
[32meth_getLogs (5)[0m
[32meth_getLogs (6)[0m
[32meth_getLogs (7)[0m
[32meth_getLogs (8)[0m
[32meth_getLogs (9)[0m
[32meth_blockNumber[0m
[32meth_blockNumber (2)[0m
[31meth_call[0m
  Contract call:       CrowdFund#<unrecognized-selector>
  From:                0xf39fd6e51aad88f6f4ce6ab8827279cfffb92266
  To:                  0x5fbdb2315678afecb367f032d93f642f64180aa3

  Error: Transaction reverted without a reason

[31meth_call[0m
  Contract call:       CrowdFund#<unrecognized-selector>
  From:                0xf39fd6e51aad88f6f4ce6ab8827279cfffb92266
  To:                  0x5fbdb2315678afecb367f032d93f642f64180aa3

  Error: Transaction reverted without a reason

[31meth_call[0m
  Contract call:       CrowdFund#<unrecognized-selector>
  From:                0xf39fd6e51aad88f6f4ce6ab8827279cfffb92266
  To:                  0x5fbdb2315678afecb367f032d93f642f64180aa3

  Error: Transaction reverted without a reason

[31meth_call[0m
  Contract call:       CrowdFund#<unrecognized-selector>
  From:                0xf39fd6e51aad88f6f4ce6ab8827279cfffb92266
  To:                  0x5fbdb2315678afecb367f032d93f642f64180aa3

  Error: Transaction reverted without a reason

[32meth_gasPrice[0m
[32meth_call[0m
  Contract call:       CrowdFund#getContributionAmount
  From:                0x70997970c51812dc3a010c7d01b50e0d17dc79c8
  To:                  0x5fbdb2315678afecb367f032d93f642f64180aa3

[32meth_call[0m
  Contract call:       CrowdFund#projectCounter
  From:                0x3c44cdddb6a900fa2b585dd299e03d12fa4293bc
  To:                  0x5fbdb2315678afecb367f032d93f642f64180aa3

[32meth_call[0m
  Contract call:       CrowdFund#projects
  From:                0x3c44cdddb6a900fa2b585dd299e03d12fa4293bc
  To:                  0x5fbdb2315678afecb367f032d93f642f64180aa3

[32meth_call[0m
  Contract call:       CrowdFund#getContributionAmount
  From:                0x3c44cdddb6a900fa2b585dd299e03d12fa4293bc
  To:                  0x5fbdb2315678afecb367f032d93f642f64180aa3

[32meth_estimateGas[0m
[32meth_getCode[0m
[32meth_getCode (2)[0m
[31meth_call[0m
  Contract call:       CrowdFund#<unrecognized-selector>
  From:                0xf39fd6e51aad88f6f4ce6ab8827279cfffb92266
  To:                  0x5fbdb2315678afecb367f032d93f642f64180aa3

  Error: Transaction reverted without a reason

[31meth_call[0m
  Contract call:       CrowdFund#<unrecognized-selector>
  From:                0xf39fd6e51aad88f6f4ce6ab8827279cfffb92266
  To:                  0x5fbdb2315678afecb367f032d93f642f64180aa3

  Error: Transaction reverted without a reason

[31meth_call[0m
  Contract call:       CrowdFund#<unrecognized-selector>
  From:                0xf39fd6e51aad88f6f4ce6ab8827279cfffb92266
  To:                  0x5fbdb2315678afecb367f032d93f642f64180aa3

  Error: Transaction reverted without a reason

[31meth_call[0m
  Contract call:       CrowdFund#<unrecognized-selector>
  From:                0xf39fd6e51aad88f6f4ce6ab8827279cfffb92266
  To:                  0x5fbdb2315678afecb367f032d93f642f64180aa3

  Error: Transaction reverted without a reason

[31meth_call[0m
  Contract call:       CrowdFund#<unrecognized-selector>
  From:                0xf39fd6e51aad88f6f4ce6ab8827279cfffb92266
  To:                  0x5fbdb2315678afecb367f032d93f642f64180aa3

  Error: Transaction reverted without a reason

[31meth_call[0m
  Contract call:       CrowdFund#<unrecognized-selector>
  From:                0xf39fd6e51aad88f6f4ce6ab8827279cfffb92266
  To:                  0x5fbdb2315678afecb367f032d93f642f64180aa3

  Error: Transaction reverted without a reason

[31meth_call[0m
  Contract call:       CrowdFund#<unrecognized-selector>
  From:                0xf39fd6e51aad88f6f4ce6ab8827279cfffb92266
  To:                  0x5fbdb2315678afecb367f032d93f642f64180aa3

  Error: Transaction reverted without a reason

[31meth_call[0m
  Contract call:       CrowdFund#<unrecognized-selector>
  From:                0xf39fd6e51aad88f6f4ce6ab8827279cfffb92266
  To:                  0x5fbdb2315678afecb367f032d93f642f64180aa3

  Error: Transaction reverted without a reason

[31meth_call[0m
  Contract call:       CrowdFund#<unrecognized-selector>
  From:                0xf39fd6e51aad88f6f4ce6ab8827279cfffb92266
  To:                  0x5fbdb2315678afecb367f032d93f642f64180aa3

  Error: Transaction reverted without a reason

[32meth_getTransactionCount[0m
[32meth_sendRawTransaction[0m
  Contract call:       CrowdFund#contribute
  Transaction:         0xabab5f65f300ebf8a390fef7b47f20afd3b35728b7b9f3abdc12f595820c8b26
  From:                0x3c44cdddb6a900fa2b585dd299e03d12fa4293bc
  To:                  0x5fbdb2315678afecb367f032d93f642f64180aa3
  Value:               4. ETH
  Gas used:            91467 of 91467
  Block #4:            0x29456f234f9ab2486594eb7d1338e755c6f14db7c03b28c15bfb011e3c61cb34

[31meth_call[0m
  Contract call:       CrowdFund#<unrecognized-selector>
  From:                0xf39fd6e51aad88f6f4ce6ab8827279cfffb92266
  To:                  0x5fbdb2315678afecb367f032d93f642f64180aa3

  Error: Transaction reverted without a reason

[32meth_getTransactionReceipt[0m
[31meth_call[0m
  Contract call:       CrowdFund#<unrecognized-selector>
  From:                0xf39fd6e51aad88f6f4ce6ab8827279cfffb92266
  To:                  0x5fbdb2315678afecb367f032d93f642f64180aa3

  Error: Transaction reverted without a reason

[32meth_blockNumber[0m
[32meth_getBlockByNumber[0m
[32meth_getLogs[0m
[32meth_getLogs (2)[0m
[32meth_getLogs (3)[0m
[32meth_getLogs (4)[0m
[32meth_getLogs (5)[0m
[32meth_getLogs (6)[0m
[32meth_getLogs (7)[0m
[32meth_getLogs (8)[0m
[32meth_getLogs (9)[0m
[31meth_call[0m
  Contract call:       CrowdFund#<unrecognized-selector>
  From:                0xf39fd6e51aad88f6f4ce6ab8827279cfffb92266
  To:                  0x5fbdb2315678afecb367f032d93f642f64180aa3

  Error: Transaction reverted without a reason

[31meth_call[0m
  Contract call:       CrowdFund#<unrecognized-selector>
  From:                0xf39fd6e51aad88f6f4ce6ab8827279cfffb92266
  To:                  0x5fbdb2315678afecb367f032d93f642f64180aa3

  Error: Transaction reverted without a reason

[32meth_getBalance[0m
[32meth_getBalance (2)[0m
[32meth_getBalance (3)[0m
[32meth_getBalance (4)[0m
[32meth_getBalance (5)[0m
[32meth_getBalance (6)[0m
[32meth_getBalance (7)[0m
[32meth_getBalance (8)[0m
[32meth_getBalance (9)[0m
[32meth_getBalance (10)[0m
[32meth_getBalance (11)[0m
[32meth_getBalance (12)[0m
[32meth_getBalance (13)[0m
[32meth_getBalance (14)[0m
[32meth_getBalance (15)[0m
[32meth_getBalance (16)[0m
[32meth_getBalance (17)[0m
[32meth_getBalance (18)[0m
[32meth_getBalance (19)[0m
[32meth_getBalance (20)[0m
[32meth_getBalance (21)[0m
[32meth_getBalance (22)[0m
[32meth_getBalance (23)[0m
[32meth_getBalance (24)[0m
[32meth_getBalance (25)[0m
[32meth_getBalance (26)[0m
[32meth_getBalance (27)[0m
[32meth_getBalance (28)[0m
[32meth_getBalance (29)[0m
[32meth_getBalance (30)[0m
[32meth_getBalance (31)[0m
[32meth_getBalance (32)[0m
[32meth_getBalance (33)[0m
[32meth_getBalance (34)[0m
[32meth_getBalance (35)[0m
[32meth_getBalance (36)[0m
[32meth_getBalance (37)[0m
[32meth_getBalance (38)[0m
[32meth_getBalance (39)[0m
[32meth_getBalance (40)[0m
[32meth_getBalance (41)[0m
[32meth_getBalance (42)[0m
[32meth_getBalance (43)[0m
[32meth_getBalance (44)[0m
[32meth_getBalance (45)[0m
[32meth_getBalance (46)[0m
[32meth_getBalance (47)[0m
[32meth_getBalance (48)[0m
[32meth_getBalance (49)[0m
[32meth_getBalance (50)[0m
[32meth_getBalance (51)[0m
[32meth_getBalance (52)[0m
[32meth_getBalance (53)[0m
[32meth_getBalance (54)[0m
[32meth_getBalance (55)[0m
[32meth_getBalance (56)[0m
[32meth_getBalance (57)[0m
[32meth_getBalance (58)[0m
[32meth_getBalance (59)[0m
[32meth_getBalance (60)[0m
[32meth_getBalance (61)[0m
[32meth_getBalance (62)[0m
[32meth_getBalance (63)[0m
[32meth_getBalance (64)[0m
[32meth_getBalance (65)[0m
[32meth_getBalance (66)[0m
[32meth_getBalance (67)[0m
[32meth_getBalance (68)[0m
[32meth_getBalance (69)[0m
[32meth_getBalance (70)[0m
[32meth_getBalance (71)[0m
[32meth_getBalance (72)[0m
[32meth_getBalance (73)[0m
[32meth_getBalance (74)[0m
[32meth_getBalance (75)[0m
[32meth_getBalance (76)[0m
[32meth_getBalance (77)[0m
[32meth_getBalance (78)[0m
[32meth_getBalance (79)[0m
[32meth_getBalance (80)[0m
[32meth_getBalance (81)[0m
[32meth_getBalance (82)[0m
[32meth_getBalance (83)[0m
[32meth_getBalance (84)[0m
[32meth_getBalance (85)[0m
[32meth_getBalance (86)[0m
[32meth_getBalance (87)[0m
[32meth_getBalance (88)[0m
[32meth_getBalance (89)[0m
[32meth_getBalance (90)[0m
[32meth_getBalance (91)[0m
[32meth_getBalance (92)[0m
[32meth_getBalance (93)[0m
[32meth_getBalance (94)[0m
[32meth_getBalance (95)[0m
[32meth_getBalance (96)[0m
[32meth_getBalance (97)[0m
[32meth_getBalance (98)[0m
[32meth_getBalance (99)[0m
[32meth_getBalance (100)[0m
[32meth_getBalance (101)[0m
[32meth_getBalance (102)[0m
[32meth_getBalance (103)[0m
[32meth_getBalance (104)[0m
[32meth_getBalance (105)[0m
[32meth_getBalance (106)[0m
[32meth_getBalance (107)[0m
[32meth_getBalance (108)[0m
[32meth_getBalance (109)[0m
[32meth_getBalance (110)[0m
[32meth_getBalance (111)[0m
[32meth_getBalance (112)[0m
[32meth_getBalance (113)[0m
[32meth_getBalance (114)[0m
[32meth_getBalance (115)[0m
[32meth_getBalance (116)[0m
[32meth_getBalance (117)[0m
[32meth_getBalance (118)[0m
[32meth_getBalance (119)[0m
[32meth_getBalance (120)[0m
[32meth_getBalance (121)[0m
[32meth_getBalance (122)[0m
[32meth_getBalance (123)[0m
[32meth_getBalance (124)[0m
[32meth_getBalance (125)[0m
[32meth_getBalance (126)[0m
[32meth_getBalance (127)[0m
[32meth_getBalance (128)[0m
[32meth_getBalance (129)[0m
[32meth_getBalance (130)[0m
[32meth_getBalance (131)[0m
[32meth_getBalance (132)[0m
[32meth_getBalance (133)[0m
[32meth_getBalance (134)[0m
[32meth_getBalance (135)[0m
[32meth_getBalance (136)[0m
[32meth_call[0m
  Contract call:       CrowdFund#projectCounter
  From:                0x3c44cdddb6a900fa2b585dd299e03d12fa4293bc
  To:                  0x5fbdb2315678afecb367f032d93f642f64180aa3

[32meth_call[0m
  Contract call:       CrowdFund#projects
  From:                0x3c44cdddb6a900fa2b585dd299e03d12fa4293bc
  To:                  0x5fbdb2315678afecb367f032d93f642f64180aa3

[32meth_call[0m
  Contract call:       CrowdFund#getContributionAmount
  From:                0x3c44cdddb6a900fa2b585dd299e03d12fa4293bc
  To:                  0x5fbdb2315678afecb367f032d93f642f64180aa3

[32meth_getLogs[0m
[32meth_getLogs (2)[0m
[32meth_getLogs (3)[0m
[32meth_getLogs (4)[0m
[32meth_getLogs (5)[0m
[32meth_getLogs (6)[0m
[32meth_getLogs (7)[0m
[32meth_getLogs (8)[0m
[32meth_getLogs (9)[0m
[32meth_blockNumber[0m
[31meth_call[0m
  Contract call:       CrowdFund#<unrecognized-selector>
  From:                0xf39fd6e51aad88f6f4ce6ab8827279cfffb92266
  To:                  0x5fbdb2315678afecb367f032d93f642f64180aa3

  Error: Transaction reverted without a reason

[31meth_call[0m
  Contract call:       CrowdFund#<unrecognized-selector>
  From:                0xf39fd6e51aad88f6f4ce6ab8827279cfffb92266
  To:                  0x5fbdb2315678afecb367f032d93f642f64180aa3

  Error: Transaction reverted without a reason

[31meth_call[0m
  Contract call:       CrowdFund#<unrecognized-selector>
  From:                0xf39fd6e51aad88f6f4ce6ab8827279cfffb92266
  To:                  0x5fbdb2315678afecb367f032d93f642f64180aa3

  Error: Transaction reverted without a reason

[31meth_call[0m
  Contract call:       CrowdFund#<unrecognized-selector>
  From:                0xf39fd6e51aad88f6f4ce6ab8827279cfffb92266
  To:                  0x5fbdb2315678afecb367f032d93f642f64180aa3

  Error: Transaction reverted without a reason

[32meth_gasPrice[0m
[32meth_call[0m
  Contract call:       CrowdFund#getContributionAmount
  From:                0x3c44cdddb6a900fa2b585dd299e03d12fa4293bc
  To:                  0x5fbdb2315678afecb367f032d93f642f64180aa3

[32meth_call[0m
  Contract call:       CrowdFund#projectCounter
  From:                0x90f79bf6eb2c4f870365e785982e1f101e93b906
  To:                  0x5fbdb2315678afecb367f032d93f642f64180aa3

[32meth_call[0m
  Contract call:       CrowdFund#projects
  From:                0x90f79bf6eb2c4f870365e785982e1f101e93b906
  To:                  0x5fbdb2315678afecb367f032d93f642f64180aa3

[32meth_call[0m
  Contract call:       CrowdFund#getContributionAmount
  From:                0x90f79bf6eb2c4f870365e785982e1f101e93b906
  To:                  0x5fbdb2315678afecb367f032d93f642f64180aa3

[32meth_blockNumber[0m
[32meth_estimateGas[0m
[32meth_getCode[0m
[32meth_getCode (2)[0m
[31meth_call[0m
  Contract call:       CrowdFund#<unrecognized-selector>
  From:                0xf39fd6e51aad88f6f4ce6ab8827279cfffb92266
  To:                  0x5fbdb2315678afecb367f032d93f642f64180aa3

  Error: Transaction reverted without a reason

[31meth_call[0m
  Contract call:       CrowdFund#<unrecognized-selector>
  From:                0xf39fd6e51aad88f6f4ce6ab8827279cfffb92266
  To:                  0x5fbdb2315678afecb367f032d93f642f64180aa3

  Error: Transaction reverted without a reason

[31meth_call[0m
  Contract call:       CrowdFund#<unrecognized-selector>
  From:                0xf39fd6e51aad88f6f4ce6ab8827279cfffb92266
  To:                  0x5fbdb2315678afecb367f032d93f642f64180aa3

  Error: Transaction reverted without a reason

[31meth_call[0m
  Contract call:       CrowdFund#<unrecognized-selector>
  From:                0xf39fd6e51aad88f6f4ce6ab8827279cfffb92266
  To:                  0x5fbdb2315678afecb367f032d93f642f64180aa3

  Error: Transaction reverted without a reason

[31meth_call[0m
  Contract call:       CrowdFund#<unrecognized-selector>
  From:                0xf39fd6e51aad88f6f4ce6ab8827279cfffb92266
  To:                  0x5fbdb2315678afecb367f032d93f642f64180aa3

  Error: Transaction reverted without a reason

[31meth_call[0m
  Contract call:       CrowdFund#<unrecognized-selector>
  From:                0xf39fd6e51aad88f6f4ce6ab8827279cfffb92266
  To:                  0x5fbdb2315678afecb367f032d93f642f64180aa3

  Error: Transaction reverted without a reason

[31meth_call[0m
  Contract call:       CrowdFund#<unrecognized-selector>
  From:                0xf39fd6e51aad88f6f4ce6ab8827279cfffb92266
  To:                  0x5fbdb2315678afecb367f032d93f642f64180aa3

  Error: Transaction reverted without a reason

[31meth_call[0m
  Contract call:       CrowdFund#<unrecognized-selector>
  From:                0xf39fd6e51aad88f6f4ce6ab8827279cfffb92266
  To:                  0x5fbdb2315678afecb367f032d93f642f64180aa3

  Error: Transaction reverted without a reason

[31meth_call[0m
  Contract call:       CrowdFund#<unrecognized-selector>
  From:                0xf39fd6e51aad88f6f4ce6ab8827279cfffb92266
  To:                  0x5fbdb2315678afecb367f032d93f642f64180aa3

  Error: Transaction reverted without a reason

[32meth_getTransactionCount[0m
[32meth_sendRawTransaction[0m
  Contract call:       CrowdFund#contribute
  Transaction:         0x537eb3c0d920079bfec57d4356ec53be11a0d991169e669a5ff16a536f6b9745
  From:                0x90f79bf6eb2c4f870365e785982e1f101e93b906
  To:                  0x5fbdb2315678afecb367f032d93f642f64180aa3
  Value:               2. ETH
  Gas used:            91467 of 91467
  Block #5:            0x78d3b096050680562369a31c2991d49258528de21e67fe0cf4751b2dc3b3bc14

[31meth_call[0m
  Contract call:       CrowdFund#<unrecognized-selector>
  From:                0xf39fd6e51aad88f6f4ce6ab8827279cfffb92266
  To:                  0x5fbdb2315678afecb367f032d93f642f64180aa3

  Error: Transaction reverted without a reason

[32meth_getTransactionReceipt[0m
[31meth_call[0m
  Contract call:       CrowdFund#<unrecognized-selector>
  From:                0xf39fd6e51aad88f6f4ce6ab8827279cfffb92266
  To:                  0x5fbdb2315678afecb367f032d93f642f64180aa3

  Error: Transaction reverted without a reason

[32meth_blockNumber[0m
[32meth_getBlockByNumber[0m
[32meth_getLogs[0m
[32meth_getLogs (2)[0m
[32meth_getLogs (3)[0m
[32meth_getLogs (4)[0m
[32meth_getLogs (5)[0m
[32meth_getLogs (6)[0m
[32meth_getLogs (7)[0m
[32meth_getLogs (8)[0m
[32meth_getLogs (9)[0m
[31meth_call[0m
  Contract call:       CrowdFund#<unrecognized-selector>
  From:                0xf39fd6e51aad88f6f4ce6ab8827279cfffb92266
  To:                  0x5fbdb2315678afecb367f032d93f642f64180aa3

  Error: Transaction reverted without a reason

[31meth_call[0m
  Contract call:       CrowdFund#<unrecognized-selector>
  From:                0xf39fd6e51aad88f6f4ce6ab8827279cfffb92266
  To:                  0x5fbdb2315678afecb367f032d93f642f64180aa3

  Error: Transaction reverted without a reason

[32meth_getBalance[0m
[32meth_getBalance (2)[0m
[32meth_getBalance (3)[0m
[32meth_getBalance (4)[0m
[32meth_getBalance (5)[0m
[32meth_getBalance (6)[0m
[32meth_getBalance (7)[0m
[32meth_getBalance (8)[0m
[32meth_getBalance (9)[0m
[32meth_getBalance (10)[0m
[32meth_getBalance (11)[0m
[32meth_getBalance (12)[0m
[32meth_getBalance (13)[0m
[32meth_getBalance (14)[0m
[32meth_getBalance (15)[0m
[32meth_getBalance (16)[0m
[32meth_getBalance (17)[0m
[32meth_getBalance (18)[0m
[32meth_getBalance (19)[0m
[32meth_getBalance (20)[0m
[32meth_getBalance (21)[0m
[32meth_getBalance (22)[0m
[32meth_getBalance (23)[0m
[32meth_getBalance (24)[0m
[32meth_getBalance (25)[0m
[32meth_getBalance (26)[0m
[32meth_getBalance (27)[0m
[32meth_getBalance (28)[0m
[32meth_getBalance (29)[0m
[32meth_getBalance (30)[0m
[32meth_getBalance (31)[0m
[32meth_getBalance (32)[0m
[32meth_getBalance (33)[0m
[32meth_getBalance (34)[0m
[32meth_getBalance (35)[0m
[32meth_getBalance (36)[0m
[32meth_getBalance (37)[0m
[32meth_getBalance (38)[0m
[32meth_getBalance (39)[0m
[32meth_getBalance (40)[0m
[32meth_getBalance (41)[0m
[32meth_getBalance (42)[0m
[32meth_getBalance (43)[0m
[32meth_getBalance (44)[0m
[32meth_getBalance (45)[0m
[32meth_getBalance (46)[0m
[32meth_getBalance (47)[0m
[32meth_getBalance (48)[0m
[32meth_getBalance (49)[0m
[32meth_getBalance (50)[0m
[32meth_getBalance (51)[0m
[32meth_getBalance (52)[0m
[32meth_getBalance (53)[0m
[32meth_getBalance (54)[0m
[32meth_getBalance (55)[0m
[32meth_getBalance (56)[0m
[32meth_getBalance (57)[0m
[32meth_getBalance (58)[0m
[32meth_getBalance (59)[0m
[32meth_getBalance (60)[0m
[32meth_getBalance (61)[0m
[32meth_getBalance (62)[0m
[32meth_getBalance (63)[0m
[32meth_getBalance (64)[0m
[32meth_getBalance (65)[0m
[32meth_getBalance (66)[0m
[32meth_getBalance (67)[0m
[32meth_getBalance (68)[0m
[32meth_getBalance (69)[0m
[32meth_getBalance (70)[0m
[32meth_getBalance (71)[0m
[32meth_getBalance (72)[0m
[32meth_getBalance (73)[0m
[32meth_getBalance (74)[0m
[32meth_getBalance (75)[0m
[32meth_getBalance (76)[0m
[32meth_getBalance (77)[0m
[32meth_getBalance (78)[0m
[32meth_getBalance (79)[0m
[32meth_getBalance (80)[0m
[32meth_getBalance (81)[0m
[32meth_getBalance (82)[0m
[32meth_getBalance (83)[0m
[32meth_getBalance (84)[0m
[32meth_getBalance (85)[0m
[32meth_getBalance (86)[0m
[32meth_getBalance (87)[0m
[32meth_getBalance (88)[0m
[32meth_getBalance (89)[0m
[32meth_getBalance (90)[0m
[32meth_getBalance (91)[0m
[32meth_getBalance (92)[0m
[32meth_getBalance (93)[0m
[32meth_getBalance (94)[0m
[32meth_getBalance (95)[0m
[32meth_getBalance (96)[0m
[32meth_getBalance (97)[0m
[32meth_getBalance (98)[0m
[32meth_getBalance (99)[0m
[32meth_getBalance (100)[0m
[32meth_getBalance (101)[0m
[32meth_getBalance (102)[0m
[32meth_getBalance (103)[0m
[32meth_getBalance (104)[0m
[32meth_getBalance (105)[0m
[32meth_getBalance (106)[0m
[32meth_getBalance (107)[0m
[32meth_getBalance (108)[0m
[32meth_getBalance (109)[0m
[32meth_getBalance (110)[0m
[32meth_getBalance (111)[0m
[32meth_getBalance (112)[0m
[32meth_getBalance (113)[0m
[32meth_getBalance (114)[0m
[32meth_getBalance (115)[0m
[32meth_getBalance (116)[0m
[32meth_getBalance (117)[0m
[32meth_getBalance (118)[0m
[32meth_getBalance (119)[0m
[32meth_getBalance (120)[0m
[32meth_getBalance (121)[0m
[32meth_getBalance (122)[0m
[32meth_getBalance (123)[0m
[32meth_getBalance (124)[0m
[32meth_getBalance (125)[0m
[32meth_getBalance (126)[0m
[32meth_getBalance (127)[0m
[32meth_getBalance (128)[0m
[32meth_getBalance (129)[0m
[32meth_getBalance (130)[0m
[32meth_getBalance (131)[0m
[32meth_getBalance (132)[0m
[32meth_getBalance (133)[0m
[32meth_getBalance (134)[0m
[32meth_getBalance (135)[0m
[32meth_getBalance (136)[0m
[32meth_call[0m
  Contract call:       CrowdFund#projectCounter
  From:                0x90f79bf6eb2c4f870365e785982e1f101e93b906
  To:                  0x5fbdb2315678afecb367f032d93f642f64180aa3

[32meth_call[0m
  Contract call:       CrowdFund#projects
  From:                0x90f79bf6eb2c4f870365e785982e1f101e93b906
  To:                  0x5fbdb2315678afecb367f032d93f642f64180aa3

[32meth_call[0m
  Contract call:       CrowdFund#getContributionAmount
  From:                0x90f79bf6eb2c4f870365e785982e1f101e93b906
  To:                  0x5fbdb2315678afecb367f032d93f642f64180aa3

[32meth_getLogs[0m
[32meth_getLogs (2)[0m
[32meth_getLogs (3)[0m
[32meth_getLogs (4)[0m
[32meth_getLogs (5)[0m
[32meth_getLogs (6)[0m
[32meth_getLogs (7)[0m
[32meth_getLogs (8)[0m
[32meth_getLogs (9)[0m
[32meth_blockNumber[0m
[31meth_call[0m
  Contract call:       CrowdFund#<unrecognized-selector>
  From:                0xf39fd6e51aad88f6f4ce6ab8827279cfffb92266
  To:                  0x5fbdb2315678afecb367f032d93f642f64180aa3

  Error: Transaction reverted without a reason

[31meth_call[0m
  Contract call:       CrowdFund#<unrecognized-selector>
  From:                0xf39fd6e51aad88f6f4ce6ab8827279cfffb92266
  To:                  0x5fbdb2315678afecb367f032d93f642f64180aa3

  Error: Transaction reverted without a reason

[31meth_call[0m
  Contract call:       CrowdFund#<unrecognized-selector>
  From:                0xf39fd6e51aad88f6f4ce6ab8827279cfffb92266
  To:                  0x5fbdb2315678afecb367f032d93f642f64180aa3

  Error: Transaction reverted without a reason

[31meth_call[0m
  Contract call:       CrowdFund#<unrecognized-selector>
  From:                0xf39fd6e51aad88f6f4ce6ab8827279cfffb92266
  To:                  0x5fbdb2315678afecb367f032d93f642f64180aa3

  Error: Transaction reverted without a reason

[32meth_gasPrice[0m
[32meth_blockNumber[0m
[32meth_call[0m
  Contract call:       CrowdFund#getContributionAmount
  From:                0x90f79bf6eb2c4f870365e785982e1f101e93b906
  To:                  0x5fbdb2315678afecb367f032d93f642f64180aa3

[32meth_call[0m
  Contract call:       CrowdFund#projectCounter
  From:                0xf39fd6e51aad88f6f4ce6ab8827279cfffb92266
  To:                  0x5fbdb2315678afecb367f032d93f642f64180aa3

[32meth_call[0m
  Contract call:       CrowdFund#projects
  From:                0xf39fd6e51aad88f6f4ce6ab8827279cfffb92266
  To:                  0x5fbdb2315678afecb367f032d93f642f64180aa3

[32meth_call[0m
  Contract call:       CrowdFund#getContributionAmount
  From:                0xf39fd6e51aad88f6f4ce6ab8827279cfffb92266
  To:                  0x5fbdb2315678afecb367f032d93f642f64180aa3

[32meth_estimateGas[0m
[32meth_getCode[0m
[32meth_getCode (2)[0m
[31meth_call[0m
  Contract call:       CrowdFund#<unrecognized-selector>
  From:                0xf39fd6e51aad88f6f4ce6ab8827279cfffb92266
  To:                  0x5fbdb2315678afecb367f032d93f642f64180aa3

  Error: Transaction reverted without a reason

[31meth_call[0m
  Contract call:       CrowdFund#<unrecognized-selector>
  From:                0xf39fd6e51aad88f6f4ce6ab8827279cfffb92266
  To:                  0x5fbdb2315678afecb367f032d93f642f64180aa3

  Error: Transaction reverted without a reason

[31meth_call[0m
  Contract call:       CrowdFund#<unrecognized-selector>
  From:                0xf39fd6e51aad88f6f4ce6ab8827279cfffb92266
  To:                  0x5fbdb2315678afecb367f032d93f642f64180aa3

  Error: Transaction reverted without a reason

[31meth_call[0m
  Contract call:       CrowdFund#<unrecognized-selector>
  From:                0xf39fd6e51aad88f6f4ce6ab8827279cfffb92266
  To:                  0x5fbdb2315678afecb367f032d93f642f64180aa3

  Error: Transaction reverted without a reason

[31meth_call[0m
  Contract call:       CrowdFund#<unrecognized-selector>
  From:                0xf39fd6e51aad88f6f4ce6ab8827279cfffb92266
  To:                  0x5fbdb2315678afecb367f032d93f642f64180aa3

  Error: Transaction reverted without a reason

[31meth_call[0m
  Contract call:       CrowdFund#<unrecognized-selector>
  From:                0xf39fd6e51aad88f6f4ce6ab8827279cfffb92266
  To:                  0x5fbdb2315678afecb367f032d93f642f64180aa3

  Error: Transaction reverted without a reason

[31meth_call[0m
  Contract call:       CrowdFund#<unrecognized-selector>
  From:                0xf39fd6e51aad88f6f4ce6ab8827279cfffb92266
  To:                  0x5fbdb2315678afecb367f032d93f642f64180aa3

  Error: Transaction reverted without a reason

[31meth_call[0m
  Contract call:       CrowdFund#<unrecognized-selector>
  From:                0xf39fd6e51aad88f6f4ce6ab8827279cfffb92266
  To:                  0x5fbdb2315678afecb367f032d93f642f64180aa3

  Error: Transaction reverted without a reason

[31meth_call[0m
  Contract call:       CrowdFund#<unrecognized-selector>
  From:                0xf39fd6e51aad88f6f4ce6ab8827279cfffb92266
  To:                  0x5fbdb2315678afecb367f032d93f642f64180aa3

  Error: Transaction reverted without a reason

[32meth_getTransactionCount[0m
[32meth_sendRawTransaction[0m
  Contract call:       CrowdFund#checkDeadlineAndFinalize
  Transaction:         0x564e60846940b4e0db517e15272513e6a4f75b3eb8134906278b2753cd1b02cd
  From:                0xf39fd6e51aad88f6f4ce6ab8827279cfffb92266
  To:                  0x5fbdb2315678afecb367f032d93f642f64180aa3
  Value:               0 ETH
  Gas used:            53891 of 53891
  Block #6:            0x0345b35be5a95837dbcac42f4b633ae0d3a57240adcafdd25cbc2b4cb70b0efb

[31meth_call[0m
  Contract call:       CrowdFund#<unrecognized-selector>
  From:                0xf39fd6e51aad88f6f4ce6ab8827279cfffb92266
  To:                  0x5fbdb2315678afecb367f032d93f642f64180aa3

  Error: Transaction reverted without a reason

[32meth_getTransactionReceipt[0m
[31meth_call[0m
  Contract call:       CrowdFund#<unrecognized-selector>
  From:                0xf39fd6e51aad88f6f4ce6ab8827279cfffb92266
  To:                  0x5fbdb2315678afecb367f032d93f642f64180aa3

  Error: Transaction reverted without a reason

[32meth_blockNumber[0m
[32meth_getBlockByNumber[0m
[32meth_getLogs[0m
[32meth_getLogs (2)[0m
[32meth_getLogs (3)[0m
[32meth_getLogs (4)[0m
[32meth_getLogs (5)[0m
[32meth_getLogs (6)[0m
[32meth_getLogs (7)[0m
[32meth_getLogs (8)[0m
[32meth_getLogs (9)[0m
[31meth_call[0m
  Contract call:       CrowdFund#<unrecognized-selector>
  From:                0xf39fd6e51aad88f6f4ce6ab8827279cfffb92266
  To:                  0x5fbdb2315678afecb367f032d93f642f64180aa3

  Error: Transaction reverted without a reason

[31meth_call[0m
  Contract call:       CrowdFund#<unrecognized-selector>
  From:                0xf39fd6e51aad88f6f4ce6ab8827279cfffb92266
  To:                  0x5fbdb2315678afecb367f032d93f642f64180aa3

  Error: Transaction reverted without a reason

[32meth_getBalance[0m
[32meth_getBalance (2)[0m
[32meth_getBalance (3)[0m
[32meth_getBalance (4)[0m
[32meth_getBalance (5)[0m
[32meth_getBalance (6)[0m
[32meth_getBalance (7)[0m
[32meth_getBalance (8)[0m
[32meth_getBalance (9)[0m
[32meth_getBalance (10)[0m
[32meth_getBalance (11)[0m
[32meth_getBalance (12)[0m
[32meth_getBalance (13)[0m
[32meth_getBalance (14)[0m
[32meth_getBalance (15)[0m
[32meth_getBalance (16)[0m
[32meth_getBalance (17)[0m
[32meth_getBalance (18)[0m
[32meth_getBalance (19)[0m
[32meth_getBalance (20)[0m
[32meth_getBalance (21)[0m
[32meth_getBalance (22)[0m
[32meth_getBalance (23)[0m
[32meth_getBalance (24)[0m
[32meth_getBalance (25)[0m
[32meth_getBalance (26)[0m
[32meth_getBalance (27)[0m
[32meth_getBalance (28)[0m
[32meth_getBalance (29)[0m
[32meth_getBalance (30)[0m
[32meth_getBalance (31)[0m
[32meth_getBalance (32)[0m
[32meth_getBalance (33)[0m
[32meth_getBalance (34)[0m
[32meth_getBalance (35)[0m
[32meth_getBalance (36)[0m
[32meth_getBalance (37)[0m
[32meth_getBalance (38)[0m
[32meth_getBalance (39)[0m
[32meth_getBalance (40)[0m
[32meth_getBalance (41)[0m
[32meth_getBalance (42)[0m
[32meth_getBalance (43)[0m
[32meth_getBalance (44)[0m
[32meth_getBalance (45)[0m
[32meth_getBalance (46)[0m
[32meth_getBalance (47)[0m
[32meth_getBalance (48)[0m
[32meth_getBalance (49)[0m
[32meth_getBalance (50)[0m
[32meth_getBalance (51)[0m
[32meth_getBalance (52)[0m
[32meth_getBalance (53)[0m
[32meth_getBalance (54)[0m
[32meth_getBalance (55)[0m
[32meth_getBalance (56)[0m
[32meth_getBalance (57)[0m
[32meth_getBalance (58)[0m
[32meth_getBalance (59)[0m
[32meth_getBalance (60)[0m
[32meth_getBalance (61)[0m
[32meth_getBalance (62)[0m
[32meth_getBalance (63)[0m
[32meth_getBalance (64)[0m
[32meth_getBalance (65)[0m
[32meth_getBalance (66)[0m
[32meth_getBalance (67)[0m
[32meth_getBalance (68)[0m
[32meth_getBalance (69)[0m
[32meth_getBalance (70)[0m
[32meth_getBalance (71)[0m
[32meth_getBalance (72)[0m
[32meth_getBalance (73)[0m
[32meth_getBalance (74)[0m
[32meth_getBalance (75)[0m
[32meth_getBalance (76)[0m
[32meth_getBalance (77)[0m
[32meth_getBalance (78)[0m
[32meth_getBalance (79)[0m
[32meth_getBalance (80)[0m
[32meth_getBalance (81)[0m
[32meth_getBalance (82)[0m
[32meth_getBalance (83)[0m
[32meth_getBalance (84)[0m
[32meth_getBalance (85)[0m
[32meth_getBalance (86)[0m
[32meth_getBalance (87)[0m
[32meth_getBalance (88)[0m
[32meth_getBalance (89)[0m
[32meth_getBalance (90)[0m
[32meth_getBalance (91)[0m
[32meth_getBalance (92)[0m
[32meth_getBalance (93)[0m
[32meth_getBalance (94)[0m
[32meth_getBalance (95)[0m
[32meth_getBalance (96)[0m
[32meth_getBalance (97)[0m
[32meth_getBalance (98)[0m
[32meth_getBalance (99)[0m
[32meth_getBalance (100)[0m
[32meth_getBalance (101)[0m
[32meth_getBalance (102)[0m
[32meth_getBalance (103)[0m
[32meth_getBalance (104)[0m
[32meth_getBalance (105)[0m
[32meth_getBalance (106)[0m
[32meth_getBalance (107)[0m
[32meth_getBalance (108)[0m
[32meth_getBalance (109)[0m
[32meth_getBalance (110)[0m
[32meth_getBalance (111)[0m
[32meth_getBalance (112)[0m
[32meth_getBalance (113)[0m
[32meth_getBalance (114)[0m
[32meth_getBalance (115)[0m
[32meth_getBalance (116)[0m
[32meth_getBalance (117)[0m
[32meth_getBalance (118)[0m
[32meth_getBalance (119)[0m
[32meth_getBalance (120)[0m
[32meth_getBalance (121)[0m
[32meth_getBalance (122)[0m
[32meth_getBalance (123)[0m
[32meth_getBalance (124)[0m
[32meth_getBalance (125)[0m
[32meth_getBalance (126)[0m
[32meth_getBalance (127)[0m
[32meth_getBalance (128)[0m
[32meth_getBalance (129)[0m
[32meth_getBalance (130)[0m
[32meth_getBalance (131)[0m
[32meth_getBalance (132)[0m
[32meth_getBalance (133)[0m
[32meth_getBalance (134)[0m
[32meth_getBalance (135)[0m
[32meth_getBalance (136)[0m
[32meth_call[0m
  Contract call:       CrowdFund#projectCounter
  From:                0xf39fd6e51aad88f6f4ce6ab8827279cfffb92266
  To:                  0x5fbdb2315678afecb367f032d93f642f64180aa3

[32meth_call[0m
  Contract call:       CrowdFund#projects
  From:                0xf39fd6e51aad88f6f4ce6ab8827279cfffb92266
  To:                  0x5fbdb2315678afecb367f032d93f642f64180aa3

[32meth_call[0m
  Contract call:       CrowdFund#getContributionAmount
  From:                0xf39fd6e51aad88f6f4ce6ab8827279cfffb92266
  To:                  0x5fbdb2315678afecb367f032d93f642f64180aa3

[32meth_getLogs[0m
[32meth_getLogs (2)[0m
[32meth_getLogs (3)[0m
[32meth_getLogs (4)[0m
[32meth_getLogs (5)[0m
[32meth_getLogs (6)[0m
[32meth_getLogs (7)[0m
[32meth_getLogs (8)[0m
[32meth_getLogs (9)[0m
[32meth_call[0m
  Contract call:       CrowdFund#getProjectMilestones
  From:                0xf39fd6e51aad88f6f4ce6ab8827279cfffb92266
  To:                  0x5fbdb2315678afecb367f032d93f642f64180aa3

[32meth_blockNumber[0m
[31meth_call[0m
  Contract call:       CrowdFund#<unrecognized-selector>
  From:                0xf39fd6e51aad88f6f4ce6ab8827279cfffb92266
  To:                  0x5fbdb2315678afecb367f032d93f642f64180aa3

  Error: Transaction reverted without a reason

[31meth_call[0m
  Contract call:       CrowdFund#<unrecognized-selector>
  From:                0xf39fd6e51aad88f6f4ce6ab8827279cfffb92266
  To:                  0x5fbdb2315678afecb367f032d93f642f64180aa3

  Error: Transaction reverted without a reason

[31meth_call[0m
  Contract call:       CrowdFund#<unrecognized-selector>
  From:                0xf39fd6e51aad88f6f4ce6ab8827279cfffb92266
  To:                  0x5fbdb2315678afecb367f032d93f642f64180aa3

  Error: Transaction reverted without a reason

[31meth_call[0m
  Contract call:       CrowdFund#<unrecognized-selector>
  From:                0xf39fd6e51aad88f6f4ce6ab8827279cfffb92266
  To:                  0x5fbdb2315678afecb367f032d93f642f64180aa3

  Error: Transaction reverted without a reason

[32meth_blockNumber[0m
[32meth_blockNumber (2)[0m
[32meth_blockNumber (3)[0m
[32meth_blockNumber (4)[0m
[32meth_blockNumber (5)[0m
[32meth_blockNumber (6)[0m
[32meth_blockNumber (7)[0m
[32meth_blockNumber (8)[0m
[32meth_blockNumber (9)[0m
[32meth_blockNumber (10)[0m
[32meth_blockNumber (11)[0m
[32meth_blockNumber (12)[0m
[32meth_blockNumber (13)[0m
[32meth_blockNumber (14)[0m
[32meth_blockNumber (15)[0m
[32meth_blockNumber (16)[0m
[32meth_blockNumber (17)[0m
[32meth_blockNumber (18)[0m
[32meth_blockNumber (19)[0m
[32meth_blockNumber (20)[0m
[32meth_blockNumber (21)[0m
[32meth_blockNumber (22)[0m
[32meth_blockNumber (23)[0m
[32meth_blockNumber (24)[0m
[32meth_blockNumber (25)[0m
[32meth_blockNumber (26)[0m
[32meth_blockNumber (27)[0m
[32meth_blockNumber (28)[0m
[32meth_blockNumber (29)[0m
[32meth_blockNumber (30)[0m
[32meth_blockNumber (31)[0m
[32meth_blockNumber (32)[0m
[32meth_blockNumber (33)[0m
[32meth_blockNumber (34)[0m
[32meth_blockNumber (35)[0m
[32meth_blockNumber (36)[0m
[32meth_blockNumber (37)[0m
[32meth_blockNumber (38)[0m
[32meth_blockNumber (39)[0m
[32meth_blockNumber (40)[0m
[32meth_blockNumber (41)[0m
[32meth_blockNumber (42)[0m
[32meth_blockNumber (43)[0m
[32meth_blockNumber (44)[0m
[32meth_blockNumber (45)[0m
[32meth_blockNumber (46)[0m
[32meth_blockNumber (47)[0m
[32meth_blockNumber (48)[0m
[32meth_blockNumber (49)[0m
[32meth_blockNumber (50)[0m
[32meth_blockNumber (51)[0m
[32meth_blockNumber (52)[0m
[32meth_blockNumber (53)[0m
[32meth_blockNumber (54)[0m
[32meth_estimateGas[0m
[32meth_getCode[0m
[32meth_getCode (2)[0m
[32meth_gasPrice[0m
[31meth_call[0m
  Contract call:       CrowdFund#<unrecognized-selector>
  From:                0xf39fd6e51aad88f6f4ce6ab8827279cfffb92266
  To:                  0x5fbdb2315678afecb367f032d93f642f64180aa3

  Error: Transaction reverted without a reason

[31meth_call[0m
  Contract call:       CrowdFund#<unrecognized-selector>
  From:                0xf39fd6e51aad88f6f4ce6ab8827279cfffb92266
  To:                  0x5fbdb2315678afecb367f032d93f642f64180aa3

  Error: Transaction reverted without a reason

[31meth_call[0m
  Contract call:       CrowdFund#<unrecognized-selector>
  From:                0xf39fd6e51aad88f6f4ce6ab8827279cfffb92266
  To:                  0x5fbdb2315678afecb367f032d93f642f64180aa3

  Error: Transaction reverted without a reason

[31meth_call[0m
  Contract call:       CrowdFund#<unrecognized-selector>
  From:                0xf39fd6e51aad88f6f4ce6ab8827279cfffb92266
  To:                  0x5fbdb2315678afecb367f032d93f642f64180aa3

  Error: Transaction reverted without a reason

[31meth_call[0m
  Contract call:       CrowdFund#<unrecognized-selector>
  From:                0xf39fd6e51aad88f6f4ce6ab8827279cfffb92266
  To:                  0x5fbdb2315678afecb367f032d93f642f64180aa3

  Error: Transaction reverted without a reason

[31meth_call[0m
  Contract call:       CrowdFund#<unrecognized-selector>
  From:                0xf39fd6e51aad88f6f4ce6ab8827279cfffb92266
  To:                  0x5fbdb2315678afecb367f032d93f642f64180aa3

  Error: Transaction reverted without a reason

[31meth_call[0m
  Contract call:       CrowdFund#<unrecognized-selector>
  From:                0xf39fd6e51aad88f6f4ce6ab8827279cfffb92266
  To:                  0x5fbdb2315678afecb367f032d93f642f64180aa3

  Error: Transaction reverted without a reason

[31meth_call[0m
  Contract call:       CrowdFund#<unrecognized-selector>
  From:                0xf39fd6e51aad88f6f4ce6ab8827279cfffb92266
  To:                  0x5fbdb2315678afecb367f032d93f642f64180aa3

  Error: Transaction reverted without a reason

[31meth_call[0m
  Contract call:       CrowdFund#<unrecognized-selector>
  From:                0xf39fd6e51aad88f6f4ce6ab8827279cfffb92266
  To:                  0x5fbdb2315678afecb367f032d93f642f64180aa3

  Error: Transaction reverted without a reason

[32meth_getTransactionCount[0m
[32meth_sendRawTransaction[0m
  Contract call:       CrowdFund#startMilestoneVote
  Transaction:         0x8303f142c7d1e6f80bb67e8dd5c834647555755458d34a6fd95162004db2a338
  From:                0xf39fd6e51aad88f6f4ce6ab8827279cfffb92266
  To:                  0x5fbdb2315678afecb367f032d93f642f64180aa3
  Value:               0 ETH
  Gas used:            55671 of 55671
  Block #7:            0x0a68f66e0a9d9f5b75b5952bec7073e32fbe1472598d9524cea65589fa72c203

[31meth_call[0m
  Contract call:       CrowdFund#<unrecognized-selector>
  From:                0xf39fd6e51aad88f6f4ce6ab8827279cfffb92266
  To:                  0x5fbdb2315678afecb367f032d93f642f64180aa3

  Error: Transaction reverted without a reason

[32meth_getTransactionReceipt[0m
[31meth_call[0m
  Contract call:       CrowdFund#<unrecognized-selector>
  From:                0xf39fd6e51aad88f6f4ce6ab8827279cfffb92266
  To:                  0x5fbdb2315678afecb367f032d93f642f64180aa3

  Error: Transaction reverted without a reason

[32meth_blockNumber[0m
[32meth_getBlockByNumber[0m
[32meth_getLogs[0m
[32meth_getLogs (2)[0m
[32meth_getLogs (3)[0m
[32meth_getLogs (4)[0m
[32meth_getLogs (5)[0m
[32meth_getLogs (6)[0m
[32meth_getLogs (7)[0m
[32meth_getLogs (8)[0m
[32meth_getLogs (9)[0m
[31meth_call[0m
  Contract call:       CrowdFund#<unrecognized-selector>
  From:                0xf39fd6e51aad88f6f4ce6ab8827279cfffb92266
  To:                  0x5fbdb2315678afecb367f032d93f642f64180aa3

  Error: Transaction reverted without a reason

[31meth_call[0m
  Contract call:       CrowdFund#<unrecognized-selector>
  From:                0xf39fd6e51aad88f6f4ce6ab8827279cfffb92266
  To:                  0x5fbdb2315678afecb367f032d93f642f64180aa3

  Error: Transaction reverted without a reason

[32meth_getBalance[0m
[32meth_getBalance (2)[0m
[32meth_getBalance (3)[0m
[32meth_getBalance (4)[0m
[32meth_getBalance (5)[0m
[32meth_getBalance (6)[0m
[32meth_getBalance (7)[0m
[32meth_getBalance (8)[0m
[32meth_getBalance (9)[0m
[32meth_getBalance (10)[0m
[32meth_getBalance (11)[0m
[32meth_getBalance (12)[0m
[32meth_getBalance (13)[0m
[32meth_getBalance (14)[0m
[32meth_getBalance (15)[0m
[32meth_getBalance (16)[0m
[32meth_getBalance (17)[0m
[32meth_getBalance (18)[0m
[32meth_getBalance (19)[0m
[32meth_getBalance (20)[0m
[32meth_getBalance (21)[0m
[32meth_getBalance (22)[0m
[32meth_getBalance (23)[0m
[32meth_getBalance (24)[0m
[32meth_getBalance (25)[0m
[32meth_getBalance (26)[0m
[32meth_getBalance (27)[0m
[32meth_getBalance (28)[0m
[32meth_getBalance (29)[0m
[32meth_getBalance (30)[0m
[32meth_getBalance (31)[0m
[32meth_getBalance (32)[0m
[32meth_getBalance (33)[0m
[32meth_getBalance (34)[0m
[32meth_getBalance (35)[0m
[32meth_getBalance (36)[0m
[32meth_getBalance (37)[0m
[32meth_getBalance (38)[0m
[32meth_getBalance (39)[0m
[32meth_getBalance (40)[0m
[32meth_getBalance (41)[0m
[32meth_getBalance (42)[0m
[32meth_getBalance (43)[0m
[32meth_getBalance (44)[0m
[32meth_getBalance (45)[0m
[32meth_getBalance (46)[0m
[32meth_getBalance (47)[0m
[32meth_getBalance (48)[0m
[32meth_getBalance (49)[0m
[32meth_getBalance (50)[0m
[32meth_getBalance (51)[0m
[32meth_getBalance (52)[0m
[32meth_getBalance (53)[0m
[32meth_getBalance (54)[0m
[32meth_getBalance (55)[0m
[32meth_getBalance (56)[0m
[32meth_getBalance (57)[0m
[32meth_getBalance (58)[0m
[32meth_getBalance (59)[0m
[32meth_getBalance (60)[0m
[32meth_getBalance (61)[0m
[32meth_getBalance (62)[0m
[32meth_getBalance (63)[0m
[32meth_getBalance (64)[0m
[32meth_getBalance (65)[0m
[32meth_getBalance (66)[0m
[32meth_getBalance (67)[0m
[32meth_getBalance (68)[0m
[32meth_getBalance (69)[0m
[32meth_getBalance (70)[0m
[32meth_getBalance (71)[0m
[32meth_getBalance (72)[0m
[32meth_getBalance (73)[0m
[32meth_getBalance (74)[0m
[32meth_getBalance (75)[0m
[32meth_getBalance (76)[0m
[32meth_getBalance (77)[0m
[32meth_getBalance (78)[0m
[32meth_getBalance (79)[0m
[32meth_getBalance (80)[0m
[32meth_getBalance (81)[0m
[32meth_getBalance (82)[0m
[32meth_getBalance (83)[0m
[32meth_getBalance (84)[0m
[32meth_getBalance (85)[0m
[32meth_getBalance (86)[0m
[32meth_getBalance (87)[0m
[32meth_getBalance (88)[0m
[32meth_getBalance (89)[0m
[32meth_getBalance (90)[0m
[32meth_getBalance (91)[0m
[32meth_getBalance (92)[0m
[32meth_getBalance (93)[0m
[32meth_getBalance (94)[0m
[32meth_getBalance (95)[0m
[32meth_getBalance (96)[0m
[32meth_getBalance (97)[0m
[32meth_getBalance (98)[0m
[32meth_getBalance (99)[0m
[32meth_getBalance (100)[0m
[32meth_getBalance (101)[0m
[32meth_getBalance (102)[0m
[32meth_getBalance (103)[0m
[32meth_getBalance (104)[0m
[32meth_getBalance (105)[0m
[32meth_getBalance (106)[0m
[32meth_getBalance (107)[0m
[32meth_getBalance (108)[0m
[32meth_getBalance (109)[0m
[32meth_getBalance (110)[0m
[32meth_getBalance (111)[0m
[32meth_getBalance (112)[0m
[32meth_getBalance (113)[0m
[32meth_getBalance (114)[0m
[32meth_getBalance (115)[0m
[32meth_getBalance (116)[0m
[32meth_getBalance (117)[0m
[32meth_getBalance (118)[0m
[32meth_getBalance (119)[0m
[32meth_getBalance (120)[0m
[32meth_getBalance (121)[0m
[32meth_getBalance (122)[0m
[32meth_getBalance (123)[0m
[32meth_getBalance (124)[0m
[32meth_getBalance (125)[0m
[32meth_getBalance (126)[0m
[32meth_getBalance (127)[0m
[32meth_getBalance (128)[0m
[32meth_getBalance (129)[0m
[32meth_getBalance (130)[0m
[32meth_getBalance (131)[0m
[32meth_getBalance (132)[0m
[32meth_getBalance (133)[0m
[32meth_getBalance (134)[0m
[32meth_getBalance (135)[0m
[32meth_getBalance (136)[0m
[32meth_call[0m
  Contract call:       CrowdFund#projectCounter
  From:                0xf39fd6e51aad88f6f4ce6ab8827279cfffb92266
  To:                  0x5fbdb2315678afecb367f032d93f642f64180aa3

[32meth_blockNumber[0m
[32meth_call[0m
  Contract call:       CrowdFund#projects
  From:                0xf39fd6e51aad88f6f4ce6ab8827279cfffb92266
  To:                  0x5fbdb2315678afecb367f032d93f642f64180aa3

[32meth_call[0m
  Contract call:       CrowdFund#getContributionAmount
  From:                0xf39fd6e51aad88f6f4ce6ab8827279cfffb92266
  To:                  0x5fbdb2315678afecb367f032d93f642f64180aa3

[32meth_getLogs[0m
[32meth_getLogs (2)[0m
[32meth_getLogs (3)[0m
[32meth_getLogs (4)[0m
[32meth_getLogs (5)[0m
[32meth_getLogs (6)[0m
[32meth_getLogs (7)[0m
[32meth_getLogs (8)[0m
[32meth_getLogs (9)[0m
[32meth_call[0m
  Contract call:       CrowdFund#getProjectMilestones
  From:                0xf39fd6e51aad88f6f4ce6ab8827279cfffb92266
  To:                  0x5fbdb2315678afecb367f032d93f642f64180aa3

[32meth_getTransactionReceipt[0m
[32meth_getBlockByHash[0m
[31meth_call[0m
  Contract call:       CrowdFund#<unrecognized-selector>
  From:                0xf39fd6e51aad88f6f4ce6ab8827279cfffb92266
  To:                  0x5fbdb2315678afecb367f032d93f642f64180aa3

  Error: Transaction reverted without a reason

[31meth_call[0m
  Contract call:       CrowdFund#<unrecognized-selector>
  From:                0xf39fd6e51aad88f6f4ce6ab8827279cfffb92266
  To:                  0x5fbdb2315678afecb367f032d93f642f64180aa3

  Error: Transaction reverted without a reason

[31meth_call[0m
  Contract call:       CrowdFund#<unrecognized-selector>
  From:                0xf39fd6e51aad88f6f4ce6ab8827279cfffb92266
  To:                  0x5fbdb2315678afecb367f032d93f642f64180aa3

  Error: Transaction reverted without a reason

[31meth_call[0m
  Contract call:       CrowdFund#<unrecognized-selector>
  From:                0xf39fd6e51aad88f6f4ce6ab8827279cfffb92266
  To:                  0x5fbdb2315678afecb367f032d93f642f64180aa3

  Error: Transaction reverted without a reason

[32meth_blockNumber[0m
[32meth_gasPrice[0m
[32meth_call[0m
  Contract call:       CrowdFund#getContributionAmount
  From:                0xf39fd6e51aad88f6f4ce6ab8827279cfffb92266
  To:                  0x5fbdb2315678afecb367f032d93f642f64180aa3

[32meth_call[0m
  Contract call:       CrowdFund#projectCounter
  From:                0x70997970c51812dc3a010c7d01b50e0d17dc79c8
  To:                  0x5fbdb2315678afecb367f032d93f642f64180aa3

[32meth_call[0m
  Contract call:       CrowdFund#projects
  From:                0x70997970c51812dc3a010c7d01b50e0d17dc79c8
  To:                  0x5fbdb2315678afecb367f032d93f642f64180aa3

[32meth_call[0m
  Contract call:       CrowdFund#getContributionAmount
  From:                0x70997970c51812dc3a010c7d01b50e0d17dc79c8
  To:                  0x5fbdb2315678afecb367f032d93f642f64180aa3

[32meth_call[0m
  Contract call:       CrowdFund#getProjectMilestones
  From:                0x70997970c51812dc3a010c7d01b50e0d17dc79c8
  To:                  0x5fbdb2315678afecb367f032d93f642f64180aa3

[32meth_blockNumber[0m
[32meth_estimateGas[0m
[32meth_getCode[0m
[32meth_getCode (2)[0m
[31meth_call[0m
  Contract call:       CrowdFund#<unrecognized-selector>
  From:                0xf39fd6e51aad88f6f4ce6ab8827279cfffb92266
  To:                  0x5fbdb2315678afecb367f032d93f642f64180aa3

  Error: Transaction reverted without a reason

[31meth_call[0m
  Contract call:       CrowdFund#<unrecognized-selector>
  From:                0xf39fd6e51aad88f6f4ce6ab8827279cfffb92266
  To:                  0x5fbdb2315678afecb367f032d93f642f64180aa3

  Error: Transaction reverted without a reason

[31meth_call[0m
  Contract call:       CrowdFund#<unrecognized-selector>
  From:                0xf39fd6e51aad88f6f4ce6ab8827279cfffb92266
  To:                  0x5fbdb2315678afecb367f032d93f642f64180aa3

  Error: Transaction reverted without a reason

[31meth_call[0m
  Contract call:       CrowdFund#<unrecognized-selector>
  From:                0xf39fd6e51aad88f6f4ce6ab8827279cfffb92266
  To:                  0x5fbdb2315678afecb367f032d93f642f64180aa3

  Error: Transaction reverted without a reason

[31meth_call[0m
  Contract call:       CrowdFund#<unrecognized-selector>
  From:                0xf39fd6e51aad88f6f4ce6ab8827279cfffb92266
  To:                  0x5fbdb2315678afecb367f032d93f642f64180aa3

  Error: Transaction reverted without a reason

[31meth_call[0m
  Contract call:       CrowdFund#<unrecognized-selector>
  From:                0xf39fd6e51aad88f6f4ce6ab8827279cfffb92266
  To:                  0x5fbdb2315678afecb367f032d93f642f64180aa3

  Error: Transaction reverted without a reason

[31meth_call[0m
  Contract call:       CrowdFund#<unrecognized-selector>
  From:                0xf39fd6e51aad88f6f4ce6ab8827279cfffb92266
  To:                  0x5fbdb2315678afecb367f032d93f642f64180aa3

  Error: Transaction reverted without a reason

[31meth_call[0m
  Contract call:       CrowdFund#<unrecognized-selector>
  From:                0xf39fd6e51aad88f6f4ce6ab8827279cfffb92266
  To:                  0x5fbdb2315678afecb367f032d93f642f64180aa3

  Error: Transaction reverted without a reason

[31meth_call[0m
  Contract call:       CrowdFund#<unrecognized-selector>
  From:                0xf39fd6e51aad88f6f4ce6ab8827279cfffb92266
  To:                  0x5fbdb2315678afecb367f032d93f642f64180aa3

  Error: Transaction reverted without a reason

[32meth_getTransactionCount[0m
[32meth_sendRawTransaction[0m
  Contract call:       CrowdFund#voteOnMilestone
  Transaction:         0xf7a58956cfd8ffba24e49fb1677950edb0498fb98c06e284bf3d5d27413622c1
  From:                0x70997970c51812dc3a010c7d01b50e0d17dc79c8
  To:                  0x5fbdb2315678afecb367f032d93f642f64180aa3
  Value:               0 ETH
  Gas used:            76826 of 76826
  Block #8:            0x391fa1b10cd890c7a6e66ae96a4e53c2bc9ad525d43e4336e6af8f7e2dec46c5

[31meth_call[0m
  Contract call:       CrowdFund#<unrecognized-selector>
  From:                0xf39fd6e51aad88f6f4ce6ab8827279cfffb92266
  To:                  0x5fbdb2315678afecb367f032d93f642f64180aa3

  Error: Transaction reverted without a reason

[32meth_getTransactionReceipt[0m
[31meth_call[0m
  Contract call:       CrowdFund#<unrecognized-selector>
  From:                0xf39fd6e51aad88f6f4ce6ab8827279cfffb92266
  To:                  0x5fbdb2315678afecb367f032d93f642f64180aa3

  Error: Transaction reverted without a reason

[32meth_blockNumber[0m
[32meth_getBlockByNumber[0m
[32meth_getLogs[0m
[32meth_getLogs (2)[0m
[32meth_getLogs (3)[0m
[32meth_getLogs (4)[0m
[32meth_getLogs (5)[0m
[32meth_getLogs (6)[0m
[32meth_getLogs (7)[0m
[32meth_getLogs (8)[0m
[32meth_getLogs (9)[0m
[31meth_call[0m
  Contract call:       CrowdFund#<unrecognized-selector>
  From:                0xf39fd6e51aad88f6f4ce6ab8827279cfffb92266
  To:                  0x5fbdb2315678afecb367f032d93f642f64180aa3

  Error: Transaction reverted without a reason

[31meth_call[0m
  Contract call:       CrowdFund#<unrecognized-selector>
  From:                0xf39fd6e51aad88f6f4ce6ab8827279cfffb92266
  To:                  0x5fbdb2315678afecb367f032d93f642f64180aa3

  Error: Transaction reverted without a reason

[32meth_getBalance[0m
[32meth_getBalance (2)[0m
[32meth_getBalance (3)[0m
[32meth_getBalance (4)[0m
[32meth_getBalance (5)[0m
[32meth_getBalance (6)[0m
[32meth_getBalance (7)[0m
[32meth_getBalance (8)[0m
[32meth_getBalance (9)[0m
[32meth_getBalance (10)[0m
[32meth_getBalance (11)[0m
[32meth_getBalance (12)[0m
[32meth_getBalance (13)[0m
[32meth_getBalance (14)[0m
[32meth_getBalance (15)[0m
[32meth_getBalance (16)[0m
[32meth_getBalance (17)[0m
[32meth_getBalance (18)[0m
[32meth_getBalance (19)[0m
[32meth_getBalance (20)[0m
[32meth_getBalance (21)[0m
[32meth_getBalance (22)[0m
[32meth_getBalance (23)[0m
[32meth_getBalance (24)[0m
[32meth_getBalance (25)[0m
[32meth_getBalance (26)[0m
[32meth_getBalance (27)[0m
[32meth_getBalance (28)[0m
[32meth_getBalance (29)[0m
[32meth_getBalance (30)[0m
[32meth_getBalance (31)[0m
[32meth_getBalance (32)[0m
[32meth_getBalance (33)[0m
[32meth_getBalance (34)[0m
[32meth_getBalance (35)[0m
[32meth_getBalance (36)[0m
[32meth_getBalance (37)[0m
[32meth_getBalance (38)[0m
[32meth_getBalance (39)[0m
[32meth_getBalance (40)[0m
[32meth_getBalance (41)[0m
[32meth_getBalance (42)[0m
[32meth_getBalance (43)[0m
[32meth_getBalance (44)[0m
[32meth_getBalance (45)[0m
[32meth_getBalance (46)[0m
[32meth_getBalance (47)[0m
[32meth_getBalance (48)[0m
[32meth_getBalance (49)[0m
[32meth_getBalance (50)[0m
[32meth_getBalance (51)[0m
[32meth_getBalance (52)[0m
[32meth_getBalance (53)[0m
[32meth_getBalance (54)[0m
[32meth_getBalance (55)[0m
[32meth_getBalance (56)[0m
[32meth_getBalance (57)[0m
[32meth_getBalance (58)[0m
[32meth_getBalance (59)[0m
[32meth_getBalance (60)[0m
[32meth_getBalance (61)[0m
[32meth_getBalance (62)[0m
[32meth_getBalance (63)[0m
[32meth_getBalance (64)[0m
[32meth_getBalance (65)[0m
[32meth_getBalance (66)[0m
[32meth_getBalance (67)[0m
[32meth_getBalance (68)[0m
[32meth_getBalance (69)[0m
[32meth_getBalance (70)[0m
[32meth_getBalance (71)[0m
[32meth_getBalance (72)[0m
[32meth_getBalance (73)[0m
[32meth_getBalance (74)[0m
[32meth_getBalance (75)[0m
[32meth_getBalance (76)[0m
[32meth_getBalance (77)[0m
[32meth_getBalance (78)[0m
[32meth_getBalance (79)[0m
[32meth_getBalance (80)[0m
[32meth_getBalance (81)[0m
[32meth_getBalance (82)[0m
[32meth_getBalance (83)[0m
[32meth_getBalance (84)[0m
[32meth_getBalance (85)[0m
[32meth_getBalance (86)[0m
[32meth_getBalance (87)[0m
[32meth_getBalance (88)[0m
[32meth_getBalance (89)[0m
[32meth_getBalance (90)[0m
[32meth_getBalance (91)[0m
[32meth_getBalance (92)[0m
[32meth_getBalance (93)[0m
[32meth_getBalance (94)[0m
[32meth_getBalance (95)[0m
[32meth_getBalance (96)[0m
[32meth_getBalance (97)[0m
[32meth_getBalance (98)[0m
[32meth_getBalance (99)[0m
[32meth_getBalance (100)[0m
[32meth_getBalance (101)[0m
[32meth_getBalance (102)[0m
[32meth_getBalance (103)[0m
[32meth_getBalance (104)[0m
[32meth_getBalance (105)[0m
[32meth_getBalance (106)[0m
[32meth_getBalance (107)[0m
[32meth_getBalance (108)[0m
[32meth_getBalance (109)[0m
[32meth_getBalance (110)[0m
[32meth_getBalance (111)[0m
[32meth_getBalance (112)[0m
[32meth_getBalance (113)[0m
[32meth_getBalance (114)[0m
[32meth_getBalance (115)[0m
[32meth_getBalance (116)[0m
[32meth_getBalance (117)[0m
[32meth_getBalance (118)[0m
[32meth_getBalance (119)[0m
[32meth_getBalance (120)[0m
[32meth_getBalance (121)[0m
[32meth_getBalance (122)[0m
[32meth_getBalance (123)[0m
[32meth_getBalance (124)[0m
[32meth_getBalance (125)[0m
[32meth_getBalance (126)[0m
[32meth_getBalance (127)[0m
[32meth_getBalance (128)[0m
[32meth_getBalance (129)[0m
[32meth_getBalance (130)[0m
[32meth_getBalance (131)[0m
[32meth_getBalance (132)[0m
[32meth_getBalance (133)[0m
[32meth_getBalance (134)[0m
[32meth_getBalance (135)[0m
[32meth_getBalance (136)[0m
[32meth_call[0m
  Contract call:       CrowdFund#projectCounter
  From:                0x70997970c51812dc3a010c7d01b50e0d17dc79c8
  To:                  0x5fbdb2315678afecb367f032d93f642f64180aa3

[32meth_blockNumber[0m
[32meth_call[0m
  Contract call:       CrowdFund#projects
  From:                0x70997970c51812dc3a010c7d01b50e0d17dc79c8
  To:                  0x5fbdb2315678afecb367f032d93f642f64180aa3

[32meth_call[0m
  Contract call:       CrowdFund#getContributionAmount
  From:                0x70997970c51812dc3a010c7d01b50e0d17dc79c8
  To:                  0x5fbdb2315678afecb367f032d93f642f64180aa3

[32meth_getLogs[0m
[32meth_getLogs (2)[0m
[32meth_getLogs (3)[0m
[32meth_getLogs (4)[0m
[32meth_getLogs (5)[0m
[32meth_getLogs (6)[0m
[32meth_getLogs (7)[0m
[32meth_getLogs (8)[0m
[32meth_getLogs (9)[0m
[32meth_call[0m
  Contract call:       CrowdFund#getProjectMilestones
  From:                0x70997970c51812dc3a010c7d01b50e0d17dc79c8
  To:                  0x5fbdb2315678afecb367f032d93f642f64180aa3

[31meth_call[0m
  Contract call:       CrowdFund#<unrecognized-selector>
  From:                0xf39fd6e51aad88f6f4ce6ab8827279cfffb92266
  To:                  0x5fbdb2315678afecb367f032d93f642f64180aa3

  Error: Transaction reverted without a reason

[31meth_call[0m
  Contract call:       CrowdFund#<unrecognized-selector>
  From:                0xf39fd6e51aad88f6f4ce6ab8827279cfffb92266
  To:                  0x5fbdb2315678afecb367f032d93f642f64180aa3

  Error: Transaction reverted without a reason

[31meth_call[0m
  Contract call:       CrowdFund#<unrecognized-selector>
  From:                0xf39fd6e51aad88f6f4ce6ab8827279cfffb92266
  To:                  0x5fbdb2315678afecb367f032d93f642f64180aa3

  Error: Transaction reverted without a reason

[31meth_call[0m
  Contract call:       CrowdFund#<unrecognized-selector>
  From:                0xf39fd6e51aad88f6f4ce6ab8827279cfffb92266
  To:                  0x5fbdb2315678afecb367f032d93f642f64180aa3

  Error: Transaction reverted without a reason

[31meth_estimateGas[0m
  Contract call:       CrowdFund#voteOnMilestone
  From:                0x70997970c51812dc3a010c7d01b50e0d17dc79c8
  To:                  0x5fbdb2315678afecb367f032d93f642f64180aa3
  Value:               0 ETH

  Error: VM Exception while processing transaction: reverted with an unrecognized custom error (return data: 0x7c9a1cf9)

[31meth_estimateGas[0m
  Contract call:       CrowdFund#voteOnMilestone
  From:                0x70997970c51812dc3a010c7d01b50e0d17dc79c8
  To:                  0x5fbdb2315678afecb367f032d93f642f64180aa3
  Value:               0 ETH

  Error: VM Exception while processing transaction: reverted with an unrecognized custom error (return data: 0x7c9a1cf9)

[32meth_gasPrice[0m
[32meth_blockNumber[0m
[32meth_call[0m
  Contract call:       CrowdFund#getContributionAmount
  From:                0x70997970c51812dc3a010c7d01b50e0d17dc79c8
  To:                  0x5fbdb2315678afecb367f032d93f642f64180aa3

[32meth_call[0m
  Contract call:       CrowdFund#projectCounter
  From:                0x3c44cdddb6a900fa2b585dd299e03d12fa4293bc
  To:                  0x5fbdb2315678afecb367f032d93f642f64180aa3

[32meth_call[0m
  Contract call:       CrowdFund#projects
  From:                0x3c44cdddb6a900fa2b585dd299e03d12fa4293bc
  To:                  0x5fbdb2315678afecb367f032d93f642f64180aa3

[32meth_call[0m
  Contract call:       CrowdFund#getContributionAmount
  From:                0x3c44cdddb6a900fa2b585dd299e03d12fa4293bc
  To:                  0x5fbdb2315678afecb367f032d93f642f64180aa3

[32meth_call[0m
  Contract call:       CrowdFund#getProjectMilestones
  From:                0x3c44cdddb6a900fa2b585dd299e03d12fa4293bc
  To:                  0x5fbdb2315678afecb367f032d93f642f64180aa3

[32meth_estimateGas[0m
[32meth_getCode[0m
[32meth_getCode (2)[0m
[31meth_call[0m
  Contract call:       CrowdFund#<unrecognized-selector>
  From:                0xf39fd6e51aad88f6f4ce6ab8827279cfffb92266
  To:                  0x5fbdb2315678afecb367f032d93f642f64180aa3

  Error: Transaction reverted without a reason

[31meth_call[0m
  Contract call:       CrowdFund#<unrecognized-selector>
  From:                0xf39fd6e51aad88f6f4ce6ab8827279cfffb92266
  To:                  0x5fbdb2315678afecb367f032d93f642f64180aa3

  Error: Transaction reverted without a reason

[31meth_call[0m
  Contract call:       CrowdFund#<unrecognized-selector>
  From:                0xf39fd6e51aad88f6f4ce6ab8827279cfffb92266
  To:                  0x5fbdb2315678afecb367f032d93f642f64180aa3

  Error: Transaction reverted without a reason

[31meth_call[0m
  Contract call:       CrowdFund#<unrecognized-selector>
  From:                0xf39fd6e51aad88f6f4ce6ab8827279cfffb92266
  To:                  0x5fbdb2315678afecb367f032d93f642f64180aa3

  Error: Transaction reverted without a reason

[31meth_call[0m
  Contract call:       CrowdFund#<unrecognized-selector>
  From:                0xf39fd6e51aad88f6f4ce6ab8827279cfffb92266
  To:                  0x5fbdb2315678afecb367f032d93f642f64180aa3

  Error: Transaction reverted without a reason

[31meth_call[0m
  Contract call:       CrowdFund#<unrecognized-selector>
  From:                0xf39fd6e51aad88f6f4ce6ab8827279cfffb92266
  To:                  0x5fbdb2315678afecb367f032d93f642f64180aa3

  Error: Transaction reverted without a reason

[31meth_call[0m
  Contract call:       CrowdFund#<unrecognized-selector>
  From:                0xf39fd6e51aad88f6f4ce6ab8827279cfffb92266
  To:                  0x5fbdb2315678afecb367f032d93f642f64180aa3

  Error: Transaction reverted without a reason

[31meth_call[0m
  Contract call:       CrowdFund#<unrecognized-selector>
  From:                0xf39fd6e51aad88f6f4ce6ab8827279cfffb92266
  To:                  0x5fbdb2315678afecb367f032d93f642f64180aa3

  Error: Transaction reverted without a reason

[31meth_call[0m
  Contract call:       CrowdFund#<unrecognized-selector>
  From:                0xf39fd6e51aad88f6f4ce6ab8827279cfffb92266
  To:                  0x5fbdb2315678afecb367f032d93f642f64180aa3

  Error: Transaction reverted without a reason

[32meth_getTransactionCount[0m
[32meth_sendRawTransaction[0m
  Contract call:       CrowdFund#voteOnMilestone
  Transaction:         0x4add45cbc85ed9270c6b4608229af857e3088a2a47be7db6041b5c78e131759e
  From:                0x3c44cdddb6a900fa2b585dd299e03d12fa4293bc
  To:                  0x5fbdb2315678afecb367f032d93f642f64180aa3
  Value:               0 ETH
  Gas used:            59726 of 59726
  Block #9:            0x31c2539482eaebd816b03f628c1bbf9ab4af4d2999f06db4c750406bb5c788f1

[31meth_call[0m
  Contract call:       CrowdFund#<unrecognized-selector>
  From:                0xf39fd6e51aad88f6f4ce6ab8827279cfffb92266
  To:                  0x5fbdb2315678afecb367f032d93f642f64180aa3

  Error: Transaction reverted without a reason

[32meth_getTransactionReceipt[0m
[31meth_call[0m
  Contract call:       CrowdFund#<unrecognized-selector>
  From:                0xf39fd6e51aad88f6f4ce6ab8827279cfffb92266
  To:                  0x5fbdb2315678afecb367f032d93f642f64180aa3

  Error: Transaction reverted without a reason

[32meth_blockNumber[0m
[32meth_getBlockByNumber[0m
[32meth_getLogs[0m
[32meth_getLogs (2)[0m
[32meth_getLogs (3)[0m
[32meth_getLogs (4)[0m
[32meth_getLogs (5)[0m
[32meth_getLogs (6)[0m
[32meth_getLogs (7)[0m
[32meth_getLogs (8)[0m
[32meth_getLogs (9)[0m
[31meth_call[0m
  Contract call:       CrowdFund#<unrecognized-selector>
  From:                0xf39fd6e51aad88f6f4ce6ab8827279cfffb92266
  To:                  0x5fbdb2315678afecb367f032d93f642f64180aa3

  Error: Transaction reverted without a reason

[31meth_call[0m
  Contract call:       CrowdFund#<unrecognized-selector>
  From:                0xf39fd6e51aad88f6f4ce6ab8827279cfffb92266
  To:                  0x5fbdb2315678afecb367f032d93f642f64180aa3

  Error: Transaction reverted without a reason

[32meth_getBalance[0m
[32meth_getBalance (2)[0m
[32meth_getBalance (3)[0m
[32meth_getBalance (4)[0m
[32meth_getBalance (5)[0m
[32meth_getBalance (6)[0m
[32meth_getBalance (7)[0m
[32meth_getBalance (8)[0m
[32meth_getBalance (9)[0m
[32meth_getBalance (10)[0m
[32meth_getBalance (11)[0m
[32meth_getBalance (12)[0m
[32meth_getBalance (13)[0m
[32meth_getBalance (14)[0m
[32meth_getBalance (15)[0m
[32meth_getBalance (16)[0m
[32meth_getBalance (17)[0m
[32meth_getBalance (18)[0m
[32meth_getBalance (19)[0m
[32meth_getBalance (20)[0m
[32meth_getBalance (21)[0m
[32meth_getBalance (22)[0m
[32meth_getBalance (23)[0m
[32meth_getBalance (24)[0m
[32meth_getBalance (25)[0m
[32meth_getBalance (26)[0m
[32meth_getBalance (27)[0m
[32meth_getBalance (28)[0m
[32meth_getBalance (29)[0m
[32meth_getBalance (30)[0m
[32meth_getBalance (31)[0m
[32meth_getBalance (32)[0m
[32meth_getBalance (33)[0m
[32meth_getBalance (34)[0m
[32meth_getBalance (35)[0m
[32meth_getBalance (36)[0m
[32meth_getBalance (37)[0m
[32meth_getBalance (38)[0m
[32meth_getBalance (39)[0m
[32meth_getBalance (40)[0m
[32meth_getBalance (41)[0m
[32meth_getBalance (42)[0m
[32meth_getBalance (43)[0m
[32meth_getBalance (44)[0m
[32meth_getBalance (45)[0m
[32meth_getBalance (46)[0m
[32meth_getBalance (47)[0m
[32meth_getBalance (48)[0m
[32meth_getBalance (49)[0m
[32meth_getBalance (50)[0m
[32meth_getBalance (51)[0m
[32meth_getBalance (52)[0m
[32meth_getBalance (53)[0m
[32meth_getBalance (54)[0m
[32meth_getBalance (55)[0m
[32meth_getBalance (56)[0m
[32meth_getBalance (57)[0m
[32meth_getBalance (58)[0m
[32meth_getBalance (59)[0m
[32meth_getBalance (60)[0m
[32meth_getBalance (61)[0m
[32meth_getBalance (62)[0m
[32meth_getBalance (63)[0m
[32meth_getBalance (64)[0m
[32meth_getBalance (65)[0m
[32meth_getBalance (66)[0m
[32meth_getBalance (67)[0m
[32meth_getBalance (68)[0m
[32meth_getBalance (69)[0m
[32meth_getBalance (70)[0m
[32meth_getBalance (71)[0m
[32meth_getBalance (72)[0m
[32meth_getBalance (73)[0m
[32meth_getBalance (74)[0m
[32meth_getBalance (75)[0m
[32meth_getBalance (76)[0m
[32meth_getBalance (77)[0m
[32meth_getBalance (78)[0m
[32meth_getBalance (79)[0m
[32meth_getBalance (80)[0m
[32meth_getBalance (81)[0m
[32meth_getBalance (82)[0m
[32meth_getBalance (83)[0m
[32meth_getBalance (84)[0m
[32meth_getBalance (85)[0m
[32meth_getBalance (86)[0m
[32meth_getBalance (87)[0m
[32meth_getBalance (88)[0m
[32meth_getBalance (89)[0m
[32meth_getBalance (90)[0m
[32meth_getBalance (91)[0m
[32meth_getBalance (92)[0m
[32meth_getBalance (93)[0m
[32meth_getBalance (94)[0m
[32meth_getBalance (95)[0m
[32meth_getBalance (96)[0m
[32meth_getBalance (97)[0m
[32meth_getBalance (98)[0m
[32meth_getBalance (99)[0m
[32meth_getBalance (100)[0m
[32meth_getBalance (101)[0m
[32meth_getBalance (102)[0m
[32meth_getBalance (103)[0m
[32meth_getBalance (104)[0m
[32meth_getBalance (105)[0m
[32meth_getBalance (106)[0m
[32meth_getBalance (107)[0m
[32meth_getBalance (108)[0m
[32meth_getBalance (109)[0m
[32meth_getBalance (110)[0m
[32meth_getBalance (111)[0m
[32meth_getBalance (112)[0m
[32meth_getBalance (113)[0m
[32meth_getBalance (114)[0m
[32meth_getBalance (115)[0m
[32meth_getBalance (116)[0m
[32meth_getBalance (117)[0m
[32meth_getBalance (118)[0m
[32meth_getBalance (119)[0m
[32meth_getBalance (120)[0m
[32meth_getBalance (121)[0m
[32meth_getBalance (122)[0m
[32meth_getBalance (123)[0m
[32meth_getBalance (124)[0m
[32meth_getBalance (125)[0m
[32meth_getBalance (126)[0m
[32meth_getBalance (127)[0m
[32meth_getBalance (128)[0m
[32meth_getBalance (129)[0m
[32meth_getBalance (130)[0m
[32meth_getBalance (131)[0m
[32meth_getBalance (132)[0m
[32meth_getBalance (133)[0m
[32meth_getBalance (134)[0m
[32meth_getBalance (135)[0m
[32meth_getBalance (136)[0m
[32meth_call[0m
  Contract call:       CrowdFund#projectCounter
  From:                0x3c44cdddb6a900fa2b585dd299e03d12fa4293bc
  To:                  0x5fbdb2315678afecb367f032d93f642f64180aa3

[32meth_call[0m
  Contract call:       CrowdFund#projects
  From:                0x3c44cdddb6a900fa2b585dd299e03d12fa4293bc
  To:                  0x5fbdb2315678afecb367f032d93f642f64180aa3

[32meth_call[0m
  Contract call:       CrowdFund#getContributionAmount
  From:                0x3c44cdddb6a900fa2b585dd299e03d12fa4293bc
  To:                  0x5fbdb2315678afecb367f032d93f642f64180aa3

[32meth_blockNumber[0m
[32meth_getLogs[0m
[32meth_getLogs (2)[0m
[32meth_getLogs (3)[0m
[32meth_getLogs (4)[0m
[32meth_getLogs (5)[0m
[32meth_getLogs (6)[0m
[32meth_getLogs (7)[0m
[32meth_getLogs (8)[0m
[32meth_getLogs (9)[0m
[32meth_call[0m
  Contract call:       CrowdFund#getProjectMilestones
  From:                0x3c44cdddb6a900fa2b585dd299e03d12fa4293bc
  To:                  0x5fbdb2315678afecb367f032d93f642f64180aa3

[31meth_call[0m
  Contract call:       CrowdFund#<unrecognized-selector>
  From:                0xf39fd6e51aad88f6f4ce6ab8827279cfffb92266
  To:                  0x5fbdb2315678afecb367f032d93f642f64180aa3

  Error: Transaction reverted without a reason

[31meth_call[0m
  Contract call:       CrowdFund#<unrecognized-selector>
  From:                0xf39fd6e51aad88f6f4ce6ab8827279cfffb92266
  To:                  0x5fbdb2315678afecb367f032d93f642f64180aa3

  Error: Transaction reverted without a reason

[31meth_call[0m
  Contract call:       CrowdFund#<unrecognized-selector>
  From:                0xf39fd6e51aad88f6f4ce6ab8827279cfffb92266
  To:                  0x5fbdb2315678afecb367f032d93f642f64180aa3

  Error: Transaction reverted without a reason

[31meth_call[0m
  Contract call:       CrowdFund#<unrecognized-selector>
  From:                0xf39fd6e51aad88f6f4ce6ab8827279cfffb92266
  To:                  0x5fbdb2315678afecb367f032d93f642f64180aa3

  Error: Transaction reverted without a reason

[32meth_gasPrice[0m
[32meth_call[0m
  Contract call:       CrowdFund#getContributionAmount
  From:                0x3c44cdddb6a900fa2b585dd299e03d12fa4293bc
  To:                  0x5fbdb2315678afecb367f032d93f642f64180aa3

[32meth_call[0m
  Contract call:       CrowdFund#projectCounter
  From:                0x90f79bf6eb2c4f870365e785982e1f101e93b906
  To:                  0x5fbdb2315678afecb367f032d93f642f64180aa3

[32meth_call[0m
  Contract call:       CrowdFund#projects
  From:                0x90f79bf6eb2c4f870365e785982e1f101e93b906
  To:                  0x5fbdb2315678afecb367f032d93f642f64180aa3

[32meth_call[0m
  Contract call:       CrowdFund#getContributionAmount
  From:                0x90f79bf6eb2c4f870365e785982e1f101e93b906
  To:                  0x5fbdb2315678afecb367f032d93f642f64180aa3

[32meth_call[0m
  Contract call:       CrowdFund#getProjectMilestones
  From:                0x90f79bf6eb2c4f870365e785982e1f101e93b906
  To:                  0x5fbdb2315678afecb367f032d93f642f64180aa3

[32meth_blockNumber[0m
[32meth_estimateGas[0m
[32meth_getCode[0m
[32meth_getCode (2)[0m
[31meth_call[0m
  Contract call:       CrowdFund#<unrecognized-selector>
  From:                0xf39fd6e51aad88f6f4ce6ab8827279cfffb92266
  To:                  0x5fbdb2315678afecb367f032d93f642f64180aa3

  Error: Transaction reverted without a reason

[31meth_call[0m
  Contract call:       CrowdFund#<unrecognized-selector>
  From:                0xf39fd6e51aad88f6f4ce6ab8827279cfffb92266
  To:                  0x5fbdb2315678afecb367f032d93f642f64180aa3

  Error: Transaction reverted without a reason

[31meth_call[0m
  Contract call:       CrowdFund#<unrecognized-selector>
  From:                0xf39fd6e51aad88f6f4ce6ab8827279cfffb92266
  To:                  0x5fbdb2315678afecb367f032d93f642f64180aa3

  Error: Transaction reverted without a reason

[31meth_call[0m
  Contract call:       CrowdFund#<unrecognized-selector>
  From:                0xf39fd6e51aad88f6f4ce6ab8827279cfffb92266
  To:                  0x5fbdb2315678afecb367f032d93f642f64180aa3

  Error: Transaction reverted without a reason

[31meth_call[0m
  Contract call:       CrowdFund#<unrecognized-selector>
  From:                0xf39fd6e51aad88f6f4ce6ab8827279cfffb92266
  To:                  0x5fbdb2315678afecb367f032d93f642f64180aa3

  Error: Transaction reverted without a reason

[31meth_call[0m
  Contract call:       CrowdFund#<unrecognized-selector>
  From:                0xf39fd6e51aad88f6f4ce6ab8827279cfffb92266
  To:                  0x5fbdb2315678afecb367f032d93f642f64180aa3

  Error: Transaction reverted without a reason

[31meth_call[0m
  Contract call:       CrowdFund#<unrecognized-selector>
  From:                0xf39fd6e51aad88f6f4ce6ab8827279cfffb92266
  To:                  0x5fbdb2315678afecb367f032d93f642f64180aa3

  Error: Transaction reverted without a reason

[31meth_call[0m
  Contract call:       CrowdFund#<unrecognized-selector>
  From:                0xf39fd6e51aad88f6f4ce6ab8827279cfffb92266
  To:                  0x5fbdb2315678afecb367f032d93f642f64180aa3

  Error: Transaction reverted without a reason

[31meth_call[0m
  Contract call:       CrowdFund#<unrecognized-selector>
  From:                0xf39fd6e51aad88f6f4ce6ab8827279cfffb92266
  To:                  0x5fbdb2315678afecb367f032d93f642f64180aa3

  Error: Transaction reverted without a reason

[32meth_getTransactionCount[0m
[32meth_sendRawTransaction[0m
  Contract call:       CrowdFund#voteOnMilestone
  Transaction:         0x3d66d5ea9fc090345574f03f23448ade702cf36de3a404f14b76c08fa65ee9bd
  From:                0x90f79bf6eb2c4f870365e785982e1f101e93b906
  To:                  0x5fbdb2315678afecb367f032d93f642f64180aa3
  Value:               0 ETH
  Gas used:            59726 of 59726
  Block #10:           0x0b4ed2fc219beadcfbe20540d36b46099851fdeab1640933cef4374409c07b42

[31meth_call[0m
  Contract call:       CrowdFund#<unrecognized-selector>
  From:                0xf39fd6e51aad88f6f4ce6ab8827279cfffb92266
  To:                  0x5fbdb2315678afecb367f032d93f642f64180aa3

  Error: Transaction reverted without a reason

[32meth_getTransactionReceipt[0m
[31meth_call[0m
  Contract call:       CrowdFund#<unrecognized-selector>
  From:                0xf39fd6e51aad88f6f4ce6ab8827279cfffb92266
  To:                  0x5fbdb2315678afecb367f032d93f642f64180aa3

  Error: Transaction reverted without a reason

[32meth_blockNumber[0m
[32meth_getBlockByNumber[0m
[32meth_getLogs[0m
[32meth_getLogs (2)[0m
[32meth_getLogs (3)[0m
[32meth_getLogs (4)[0m
[32meth_getLogs (5)[0m
[32meth_getLogs (6)[0m
[32meth_getLogs (7)[0m
[32meth_getLogs (8)[0m
[32meth_getLogs (9)[0m
[31meth_call[0m
  Contract call:       CrowdFund#<unrecognized-selector>
  From:                0xf39fd6e51aad88f6f4ce6ab8827279cfffb92266
  To:                  0x5fbdb2315678afecb367f032d93f642f64180aa3

  Error: Transaction reverted without a reason

[31meth_call[0m
  Contract call:       CrowdFund#<unrecognized-selector>
  From:                0xf39fd6e51aad88f6f4ce6ab8827279cfffb92266
  To:                  0x5fbdb2315678afecb367f032d93f642f64180aa3

  Error: Transaction reverted without a reason

[32meth_getBalance[0m
[32meth_getBalance (2)[0m
[32meth_getBalance (3)[0m
[32meth_getBalance (4)[0m
[32meth_getBalance (5)[0m
[32meth_getBalance (6)[0m
[32meth_getBalance (7)[0m
[32meth_getBalance (8)[0m
[32meth_getBalance (9)[0m
[32meth_getBalance (10)[0m
[32meth_getBalance (11)[0m
[32meth_getBalance (12)[0m
[32meth_getBalance (13)[0m
[32meth_getBalance (14)[0m
[32meth_getBalance (15)[0m
[32meth_getBalance (16)[0m
[32meth_getBalance (17)[0m
[32meth_getBalance (18)[0m
[32meth_getBalance (19)[0m
[32meth_getBalance (20)[0m
[32meth_getBalance (21)[0m
[32meth_getBalance (22)[0m
[32meth_getBalance (23)[0m
[32meth_getBalance (24)[0m
[32meth_getBalance (25)[0m
[32meth_getBalance (26)[0m
[32meth_getBalance (27)[0m
[32meth_getBalance (28)[0m
[32meth_getBalance (29)[0m
[32meth_getBalance (30)[0m
[32meth_getBalance (31)[0m
[32meth_getBalance (32)[0m
[32meth_getBalance (33)[0m
[32meth_getBalance (34)[0m
[32meth_getBalance (35)[0m
[32meth_getBalance (36)[0m
[32meth_getBalance (37)[0m
[32meth_getBalance (38)[0m
[32meth_getBalance (39)[0m
[32meth_getBalance (40)[0m
[32meth_getBalance (41)[0m
[32meth_getBalance (42)[0m
[32meth_getBalance (43)[0m
[32meth_getBalance (44)[0m
[32meth_getBalance (45)[0m
[32meth_getBalance (46)[0m
[32meth_getBalance (47)[0m
[32meth_getBalance (48)[0m
[32meth_getBalance (49)[0m
[32meth_getBalance (50)[0m
[32meth_getBalance (51)[0m
[32meth_getBalance (52)[0m
[32meth_getBalance (53)[0m
[32meth_getBalance (54)[0m
[32meth_getBalance (55)[0m
[32meth_getBalance (56)[0m
[32meth_getBalance (57)[0m
[32meth_getBalance (58)[0m
[32meth_getBalance (59)[0m
[32meth_getBalance (60)[0m
[32meth_getBalance (61)[0m
[32meth_getBalance (62)[0m
[32meth_getBalance (63)[0m
[32meth_getBalance (64)[0m
[32meth_getBalance (65)[0m
[32meth_getBalance (66)[0m
[32meth_getBalance (67)[0m
[32meth_getBalance (68)[0m
[32meth_getBalance (69)[0m
[32meth_getBalance (70)[0m
[32meth_getBalance (71)[0m
[32meth_getBalance (72)[0m
[32meth_getBalance (73)[0m
[32meth_getBalance (74)[0m
[32meth_getBalance (75)[0m
[32meth_getBalance (76)[0m
[32meth_getBalance (77)[0m
[32meth_getBalance (78)[0m
[32meth_getBalance (79)[0m
[32meth_getBalance (80)[0m
[32meth_getBalance (81)[0m
[32meth_getBalance (82)[0m
[32meth_getBalance (83)[0m
[32meth_getBalance (84)[0m
[32meth_getBalance (85)[0m
[32meth_getBalance (86)[0m
[32meth_getBalance (87)[0m
[32meth_getBalance (88)[0m
[32meth_getBalance (89)[0m
[32meth_getBalance (90)[0m
[32meth_getBalance (91)[0m
[32meth_getBalance (92)[0m
[32meth_getBalance (93)[0m
[32meth_getBalance (94)[0m
[32meth_getBalance (95)[0m
[32meth_getBalance (96)[0m
[32meth_getBalance (97)[0m
[32meth_getBalance (98)[0m
[32meth_getBalance (99)[0m
[32meth_getBalance (100)[0m
[32meth_getBalance (101)[0m
[32meth_getBalance (102)[0m
[32meth_getBalance (103)[0m
[32meth_getBalance (104)[0m
[32meth_getBalance (105)[0m
[32meth_getBalance (106)[0m
[32meth_getBalance (107)[0m
[32meth_getBalance (108)[0m
[32meth_getBalance (109)[0m
[32meth_getBalance (110)[0m
[32meth_getBalance (111)[0m
[32meth_getBalance (112)[0m
[32meth_getBalance (113)[0m
[32meth_getBalance (114)[0m
[32meth_getBalance (115)[0m
[32meth_getBalance (116)[0m
[32meth_getBalance (117)[0m
[32meth_getBalance (118)[0m
[32meth_getBalance (119)[0m
[32meth_getBalance (120)[0m
[32meth_getBalance (121)[0m
[32meth_getBalance (122)[0m
[32meth_getBalance (123)[0m
[32meth_getBalance (124)[0m
[32meth_getBalance (125)[0m
[32meth_getBalance (126)[0m
[32meth_getBalance (127)[0m
[32meth_getBalance (128)[0m
[32meth_getBalance (129)[0m
[32meth_getBalance (130)[0m
[32meth_getBalance (131)[0m
[32meth_getBalance (132)[0m
[32meth_getBalance (133)[0m
[32meth_getBalance (134)[0m
[32meth_getBalance (135)[0m
[32meth_getBalance (136)[0m
[32meth_call[0m
  Contract call:       CrowdFund#projectCounter
  From:                0x90f79bf6eb2c4f870365e785982e1f101e93b906
  To:                  0x5fbdb2315678afecb367f032d93f642f64180aa3

[32meth_call[0m
  Contract call:       CrowdFund#projects
  From:                0x90f79bf6eb2c4f870365e785982e1f101e93b906
  To:                  0x5fbdb2315678afecb367f032d93f642f64180aa3

[32meth_call[0m
  Contract call:       CrowdFund#getContributionAmount
  From:                0x90f79bf6eb2c4f870365e785982e1f101e93b906
  To:                  0x5fbdb2315678afecb367f032d93f642f64180aa3

[32meth_blockNumber[0m
[31meth_call[0m
  Contract call:       CrowdFund#<unrecognized-selector>
  From:                0xf39fd6e51aad88f6f4ce6ab8827279cfffb92266
  To:                  0x5fbdb2315678afecb367f032d93f642f64180aa3

  Error: Transaction reverted without a reason

[31meth_call[0m
  Contract call:       CrowdFund#<unrecognized-selector>
  From:                0xf39fd6e51aad88f6f4ce6ab8827279cfffb92266
  To:                  0x5fbdb2315678afecb367f032d93f642f64180aa3

  Error: Transaction reverted without a reason

[31meth_call[0m
  Contract call:       CrowdFund#<unrecognized-selector>
  From:                0xf39fd6e51aad88f6f4ce6ab8827279cfffb92266
  To:                  0x5fbdb2315678afecb367f032d93f642f64180aa3

  Error: Transaction reverted without a reason

[31meth_call[0m
  Contract call:       CrowdFund#<unrecognized-selector>
  From:                0xf39fd6e51aad88f6f4ce6ab8827279cfffb92266
  To:                  0x5fbdb2315678afecb367f032d93f642f64180aa3

  Error: Transaction reverted without a reason

[32meth_getLogs[0m
[32meth_getLogs (2)[0m
[32meth_getLogs (3)[0m
[32meth_getLogs (4)[0m
[32meth_getLogs (5)[0m
[32meth_getLogs (6)[0m
[32meth_getLogs (7)[0m
[32meth_getLogs (8)[0m
[32meth_getLogs (9)[0m
[32meth_call[0m
  Contract call:       CrowdFund#getProjectMilestones
  From:                0x90f79bf6eb2c4f870365e785982e1f101e93b906
  To:                  0x5fbdb2315678afecb367f032d93f642f64180aa3

[32meth_gasPrice[0m
[32meth_blockNumber[0m
[32meth_blockNumber (2)[0m
[32meth_blockNumber (3)[0m
[32meth_blockNumber (4)[0m
[32meth_blockNumber (5)[0m
[32meth_blockNumber (6)[0m
[32meth_blockNumber (7)[0m
[32meth_blockNumber (8)[0m
[32meth_blockNumber (9)[0m
[32meth_blockNumber (10)[0m
[32meth_blockNumber (11)[0m
[32meth_blockNumber (12)[0m
[32meth_blockNumber (13)[0m
[32meth_blockNumber (14)[0m
[32meth_blockNumber (15)[0m
[32meth_blockNumber (16)[0m
[32meth_blockNumber (17)[0m
[32meth_blockNumber (18)[0m
[32meth_blockNumber (19)[0m
[32meth_blockNumber (20)[0m
[32meth_blockNumber (21)[0m
[32meth_blockNumber (22)[0m
[32meth_blockNumber (23)[0m
[32meth_blockNumber (24)[0m
[32meth_blockNumber (25)[0m
[32meth_blockNumber (26)[0m
[32meth_blockNumber (27)[0m
[32meth_blockNumber (28)[0m
[32meth_blockNumber (29)[0m
[32meth_blockNumber (30)[0m
[32meth_blockNumber (31)[0m
[32meth_blockNumber (32)[0m
[32meth_blockNumber (33)[0m
[32meth_blockNumber (34)[0m
[32meth_blockNumber (35)[0m
[32meth_blockNumber (36)[0m
[32meth_blockNumber (37)[0m
[32meth_blockNumber (38)[0m
[32meth_blockNumber (39)[0m
[32meth_blockNumber (40)[0m
[32meth_blockNumber (41)[0m
[32meth_blockNumber (42)[0m
[32meth_blockNumber (43)[0m
[32meth_blockNumber (44)[0m
[32meth_blockNumber (45)[0m
[32meth_blockNumber (46)[0m
[32meth_blockNumber (47)[0m
[32meth_blockNumber (48)[0m
[32meth_blockNumber (49)[0m
[32meth_blockNumber (50)[0m
[32meth_blockNumber (51)[0m
[32meth_blockNumber (52)[0m
[32meth_blockNumber (53)[0m
[32meth_blockNumber (54)[0m
[32meth_blockNumber (55)[0m
[32meth_blockNumber (56)[0m
[32meth_blockNumber (57)[0m
[32meth_blockNumber (58)[0m
[32meth_blockNumber (59)[0m
[32meth_blockNumber (60)[0m
[32meth_call[0m
  Contract call:       CrowdFund#getContributionAmount
  From:                0x90f79bf6eb2c4f870365e785982e1f101e93b906
  To:                  0x5fbdb2315678afecb367f032d93f642f64180aa3

[32meth_call[0m
  Contract call:       CrowdFund#projectCounter
  From:                0xf39fd6e51aad88f6f4ce6ab8827279cfffb92266
  To:                  0x5fbdb2315678afecb367f032d93f642f64180aa3

[32meth_call[0m
  Contract call:       CrowdFund#projects
  From:                0xf39fd6e51aad88f6f4ce6ab8827279cfffb92266
  To:                  0x5fbdb2315678afecb367f032d93f642f64180aa3

[32meth_call[0m
  Contract call:       CrowdFund#getContributionAmount
  From:                0xf39fd6e51aad88f6f4ce6ab8827279cfffb92266
  To:                  0x5fbdb2315678afecb367f032d93f642f64180aa3

[32meth_call[0m
  Contract call:       CrowdFund#getProjectMilestones
  From:                0xf39fd6e51aad88f6f4ce6ab8827279cfffb92266
  To:                  0x5fbdb2315678afecb367f032d93f642f64180aa3

[32meth_blockNumber[0m
[32meth_blockNumber (2)[0m
[32meth_blockNumber (3)[0m
[32meth_blockNumber (4)[0m
[32meth_estimateGas[0m
[32meth_getCode[0m
[32meth_getCode (2)[0m
[31meth_call[0m
  Contract call:       CrowdFund#<unrecognized-selector>
  From:                0xf39fd6e51aad88f6f4ce6ab8827279cfffb92266
  To:                  0x5fbdb2315678afecb367f032d93f642f64180aa3

  Error: Transaction reverted without a reason

[31meth_call[0m
  Contract call:       CrowdFund#<unrecognized-selector>
  From:                0xf39fd6e51aad88f6f4ce6ab8827279cfffb92266
  To:                  0x5fbdb2315678afecb367f032d93f642f64180aa3

  Error: Transaction reverted without a reason

[31meth_call[0m
  Contract call:       CrowdFund#<unrecognized-selector>
  From:                0xf39fd6e51aad88f6f4ce6ab8827279cfffb92266
  To:                  0x5fbdb2315678afecb367f032d93f642f64180aa3

  Error: Transaction reverted without a reason

[31meth_call[0m
  Contract call:       CrowdFund#<unrecognized-selector>
  From:                0xf39fd6e51aad88f6f4ce6ab8827279cfffb92266
  To:                  0x5fbdb2315678afecb367f032d93f642f64180aa3

  Error: Transaction reverted without a reason

[31meth_call[0m
  Contract call:       CrowdFund#<unrecognized-selector>
  From:                0xf39fd6e51aad88f6f4ce6ab8827279cfffb92266
  To:                  0x5fbdb2315678afecb367f032d93f642f64180aa3

  Error: Transaction reverted without a reason

[31meth_call[0m
  Contract call:       CrowdFund#<unrecognized-selector>
  From:                0xf39fd6e51aad88f6f4ce6ab8827279cfffb92266
  To:                  0x5fbdb2315678afecb367f032d93f642f64180aa3

  Error: Transaction reverted without a reason

[31meth_call[0m
  Contract call:       CrowdFund#<unrecognized-selector>
  From:                0xf39fd6e51aad88f6f4ce6ab8827279cfffb92266
  To:                  0x5fbdb2315678afecb367f032d93f642f64180aa3

  Error: Transaction reverted without a reason

[31meth_call[0m
  Contract call:       CrowdFund#<unrecognized-selector>
  From:                0xf39fd6e51aad88f6f4ce6ab8827279cfffb92266
  To:                  0x5fbdb2315678afecb367f032d93f642f64180aa3

  Error: Transaction reverted without a reason

[31meth_call[0m
  Contract call:       CrowdFund#<unrecognized-selector>
  From:                0xf39fd6e51aad88f6f4ce6ab8827279cfffb92266
  To:                  0x5fbdb2315678afecb367f032d93f642f64180aa3

  Error: Transaction reverted without a reason

[32meth_getTransactionCount[0m
[32meth_sendRawTransaction[0m
  Contract call:       CrowdFund#createProject
  Transaction:         0x3444b7e9777551aa1a91e04cc42644e0a8df5e133127f557c145e118e6d464cb
  From:                0xf39fd6e51aad88f6f4ce6ab8827279cfffb92266
  To:                  0x5fbdb2315678afecb367f032d93f642f64180aa3
  Value:               0 ETH
  Gas used:            381071 of 381071
  Block #11:           0x5cb82dff8d19425b3185a5541c6401f35fe80ebb1f93e95fe206b6111415816b

[31meth_call[0m
  Contract call:       CrowdFund#<unrecognized-selector>
  From:                0xf39fd6e51aad88f6f4ce6ab8827279cfffb92266
  To:                  0x5fbdb2315678afecb367f032d93f642f64180aa3

  Error: Transaction reverted without a reason

[31meth_call[0m
  Contract call:       CrowdFund#<unrecognized-selector>
  From:                0xf39fd6e51aad88f6f4ce6ab8827279cfffb92266
  To:                  0x5fbdb2315678afecb367f032d93f642f64180aa3

  Error: Transaction reverted without a reason

[32meth_getTransactionReceipt[0m
[32meth_blockNumber[0m
[31meth_call[0m
  Contract call:       CrowdFund#<unrecognized-selector>
  From:                0xf39fd6e51aad88f6f4ce6ab8827279cfffb92266
  To:                  0x5fbdb2315678afecb367f032d93f642f64180aa3

  Error: Transaction reverted without a reason

[31meth_call[0m
  Contract call:       CrowdFund#<unrecognized-selector>
  From:                0xf39fd6e51aad88f6f4ce6ab8827279cfffb92266
  To:                  0x5fbdb2315678afecb367f032d93f642f64180aa3

  Error: Transaction reverted without a reason

[32meth_getBlockByNumber[0m
[32meth_getLogs[0m
[32meth_getLogs (2)[0m
[32meth_getLogs (3)[0m
[32meth_getLogs (4)[0m
[32meth_getLogs (5)[0m
[32meth_getLogs (6)[0m
[32meth_getLogs (7)[0m
[32meth_getLogs (8)[0m
[32meth_getLogs (9)[0m
[32meth_getBalance[0m
[32meth_getBalance (2)[0m
[32meth_getBalance (3)[0m
[32meth_getBalance (4)[0m
[32meth_getBalance (5)[0m
[32meth_getBalance (6)[0m
[32meth_getBalance (7)[0m
[32meth_getBalance (8)[0m
[32meth_getBalance (9)[0m
[32meth_getBalance (10)[0m
[32meth_getBalance (11)[0m
[32meth_getBalance (12)[0m
[32meth_getBalance (13)[0m
[32meth_getBalance (14)[0m
[32meth_getBalance (15)[0m
[32meth_getBalance (16)[0m
[32meth_getBalance (17)[0m
[32meth_getBalance (18)[0m
[32meth_getBalance (19)[0m
[32meth_getBalance (20)[0m
[32meth_getBalance (21)[0m
[32meth_getBalance (22)[0m
[32meth_getBalance (23)[0m
[32meth_getBalance (24)[0m
[32meth_getBalance (25)[0m
[32meth_getBalance (26)[0m
[32meth_getBalance (27)[0m
[32meth_getBalance (28)[0m
[32meth_getBalance (29)[0m
[32meth_getBalance (30)[0m
[32meth_getBalance (31)[0m
[32meth_getBalance (32)[0m
[32meth_getBalance (33)[0m
[32meth_getBalance (34)[0m
[32meth_getBalance (35)[0m
[32meth_getBalance (36)[0m
[32meth_getBalance (37)[0m
[32meth_getBalance (38)[0m
[32meth_getBalance (39)[0m
[32meth_getBalance (40)[0m
[32meth_getBalance (41)[0m
[32meth_getBalance (42)[0m
[32meth_getBalance (43)[0m
[32meth_getBalance (44)[0m
[32meth_getBalance (45)[0m
[32meth_getBalance (46)[0m
[32meth_getBalance (47)[0m
[32meth_getBalance (48)[0m
[32meth_getBalance (49)[0m
[32meth_getBalance (50)[0m
[32meth_getBalance (51)[0m
[32meth_getBalance (52)[0m
[32meth_getBalance (53)[0m
[32meth_getBalance (54)[0m
[32meth_getBalance (55)[0m
[32meth_getBalance (56)[0m
[32meth_getBalance (57)[0m
[32meth_getBalance (58)[0m
[32meth_getBalance (59)[0m
[32meth_getBalance (60)[0m
[32meth_getBalance (61)[0m
[32meth_getBalance (62)[0m
[32meth_getBalance (63)[0m
[32meth_getBalance (64)[0m
[32meth_getBalance (65)[0m
[32meth_getBalance (66)[0m
[32meth_getBalance (67)[0m
[32meth_getBalance (68)[0m
[32meth_getBalance (69)[0m
[32meth_getBalance (70)[0m
[32meth_getBalance (71)[0m
[32meth_getBalance (72)[0m
[32meth_getBalance (73)[0m
[32meth_getBalance (74)[0m
[32meth_getBalance (75)[0m
[32meth_getBalance (76)[0m
[32meth_getBalance (77)[0m
[32meth_getBalance (78)[0m
[32meth_getBalance (79)[0m
[32meth_getBalance (80)[0m
[32meth_getBalance (81)[0m
[32meth_getBalance (82)[0m
[32meth_getBalance (83)[0m
[32meth_getBalance (84)[0m
[32meth_getBalance (85)[0m
[32meth_getBalance (86)[0m
[32meth_getBalance (87)[0m
[32meth_getBalance (88)[0m
[32meth_getBalance (89)[0m
[32meth_getBalance (90)[0m
[32meth_getBalance (91)[0m
[32meth_getBalance (92)[0m
[32meth_getBalance (93)[0m
[32meth_getBalance (94)[0m
[32meth_getBalance (95)[0m
[32meth_getBalance (96)[0m
[32meth_getBalance (97)[0m
[32meth_getBalance (98)[0m
[32meth_getBalance (99)[0m
[32meth_getBalance (100)[0m
[32meth_getBalance (101)[0m
[32meth_getBalance (102)[0m
[32meth_getBalance (103)[0m
[32meth_getBalance (104)[0m
[32meth_getBalance (105)[0m
[32meth_getBalance (106)[0m
[32meth_getBalance (107)[0m
[32meth_getBalance (108)[0m
[32meth_getBalance (109)[0m
[32meth_getBalance (110)[0m
[32meth_getBalance (111)[0m
[32meth_getBalance (112)[0m
[32meth_getBalance (113)[0m
[32meth_getBalance (114)[0m
[32meth_getBalance (115)[0m
[32meth_getBalance (116)[0m
[32meth_getBalance (117)[0m
[32meth_getBalance (118)[0m
[32meth_getBalance (119)[0m
[32meth_getBalance (120)[0m
[32meth_getBalance (121)[0m
[32meth_getBalance (122)[0m
[32meth_getBalance (123)[0m
[32meth_getBalance (124)[0m
[32meth_getBalance (125)[0m
[32meth_getBalance (126)[0m
[32meth_getBalance (127)[0m
[32meth_getBalance (128)[0m
[32meth_getBalance (129)[0m
[32meth_getBalance (130)[0m
[32meth_getBalance (131)[0m
[32meth_getBalance (132)[0m
[32meth_getBalance (133)[0m
[32meth_getBalance (134)[0m
[32meth_getBalance (135)[0m
[32meth_getBalance (136)[0m
[32meth_call[0m
  Contract call:       CrowdFund#projectCounter
  From:                0xf39fd6e51aad88f6f4ce6ab8827279cfffb92266
  To:                  0x5fbdb2315678afecb367f032d93f642f64180aa3

[32meth_blockNumber[0m
[32meth_call[0m
  Contract call:       CrowdFund#projects
  From:                0xf39fd6e51aad88f6f4ce6ab8827279cfffb92266
  To:                  0x5fbdb2315678afecb367f032d93f642f64180aa3

[32meth_call[0m
  Contract call:       CrowdFund#projects
  From:                0xf39fd6e51aad88f6f4ce6ab8827279cfffb92266
  To:                  0x5fbdb2315678afecb367f032d93f642f64180aa3

[32meth_call[0m
  Contract call:       CrowdFund#getContributionAmount
  From:                0xf39fd6e51aad88f6f4ce6ab8827279cfffb92266
  To:                  0x5fbdb2315678afecb367f032d93f642f64180aa3

[32meth_call[0m
  Contract call:       CrowdFund#getContributionAmount
  From:                0xf39fd6e51aad88f6f4ce6ab8827279cfffb92266
  To:                  0x5fbdb2315678afecb367f032d93f642f64180aa3

[32meth_getLogs[0m
[32meth_getLogs (2)[0m
[32meth_getLogs (3)[0m
[32meth_getLogs (4)[0m
[32meth_getLogs (5)[0m
[32meth_getLogs (6)[0m
[32meth_getLogs (7)[0m
[32meth_getLogs (8)[0m
[32meth_getLogs (9)[0m
[32meth_call[0m
  Contract call:       CrowdFund#getProjectMilestones
  From:                0xf39fd6e51aad88f6f4ce6ab8827279cfffb92266
  To:                  0x5fbdb2315678afecb367f032d93f642f64180aa3

[31meth_call[0m
  Contract call:       CrowdFund#<unrecognized-selector>
  From:                0xf39fd6e51aad88f6f4ce6ab8827279cfffb92266
  To:                  0x5fbdb2315678afecb367f032d93f642f64180aa3

  Error: Transaction reverted without a reason

[31meth_call[0m
  Contract call:       CrowdFund#<unrecognized-selector>
  From:                0xf39fd6e51aad88f6f4ce6ab8827279cfffb92266
  To:                  0x5fbdb2315678afecb367f032d93f642f64180aa3

  Error: Transaction reverted without a reason

[31meth_call[0m
  Contract call:       CrowdFund#<unrecognized-selector>
  From:                0xf39fd6e51aad88f6f4ce6ab8827279cfffb92266
  To:                  0x5fbdb2315678afecb367f032d93f642f64180aa3

  Error: Transaction reverted without a reason

[31meth_call[0m
  Contract call:       CrowdFund#<unrecognized-selector>
  From:                0xf39fd6e51aad88f6f4ce6ab8827279cfffb92266
  To:                  0x5fbdb2315678afecb367f032d93f642f64180aa3

  Error: Transaction reverted without a reason

[32meth_gasPrice[0m
[32meth_call[0m
  Contract call:       CrowdFund#projectCounter
  From:                0x70997970c51812dc3a010c7d01b50e0d17dc79c8
  To:                  0x5fbdb2315678afecb367f032d93f642f64180aa3

[32meth_call[0m
  Contract call:       CrowdFund#getContributionAmount
  From:                0xf39fd6e51aad88f6f4ce6ab8827279cfffb92266
  To:                  0x5fbdb2315678afecb367f032d93f642f64180aa3

[32meth_call[0m
  Contract call:       CrowdFund#projects
  From:                0x70997970c51812dc3a010c7d01b50e0d17dc79c8
  To:                  0x5fbdb2315678afecb367f032d93f642f64180aa3

[32meth_call[0m
  Contract call:       CrowdFund#getContributionAmount
  From:                0xf39fd6e51aad88f6f4ce6ab8827279cfffb92266
  To:                  0x5fbdb2315678afecb367f032d93f642f64180aa3

[32meth_call[0m
  Contract call:       CrowdFund#projects
  From:                0x70997970c51812dc3a010c7d01b50e0d17dc79c8
  To:                  0x5fbdb2315678afecb367f032d93f642f64180aa3

[32meth_call[0m
  Contract call:       CrowdFund#getContributionAmount
  From:                0x70997970c51812dc3a010c7d01b50e0d17dc79c8
  To:                  0x5fbdb2315678afecb367f032d93f642f64180aa3

[32meth_call[0m
  Contract call:       CrowdFund#getContributionAmount
  From:                0x70997970c51812dc3a010c7d01b50e0d17dc79c8
  To:                  0x5fbdb2315678afecb367f032d93f642f64180aa3

[32meth_blockNumber[0m
[32meth_call[0m
  Contract call:       CrowdFund#getProjectMilestones
  From:                0x70997970c51812dc3a010c7d01b50e0d17dc79c8
  To:                  0x5fbdb2315678afecb367f032d93f642f64180aa3

[32meth_estimateGas[0m
[32meth_getCode[0m
[32meth_getCode (2)[0m
[31meth_call[0m
  Contract call:       CrowdFund#<unrecognized-selector>
  From:                0xf39fd6e51aad88f6f4ce6ab8827279cfffb92266
  To:                  0x5fbdb2315678afecb367f032d93f642f64180aa3

  Error: Transaction reverted without a reason

[31meth_call[0m
  Contract call:       CrowdFund#<unrecognized-selector>
  From:                0xf39fd6e51aad88f6f4ce6ab8827279cfffb92266
  To:                  0x5fbdb2315678afecb367f032d93f642f64180aa3

  Error: Transaction reverted without a reason

[31meth_call[0m
  Contract call:       CrowdFund#<unrecognized-selector>
  From:                0xf39fd6e51aad88f6f4ce6ab8827279cfffb92266
  To:                  0x5fbdb2315678afecb367f032d93f642f64180aa3

  Error: Transaction reverted without a reason

[31meth_call[0m
  Contract call:       CrowdFund#<unrecognized-selector>
  From:                0xf39fd6e51aad88f6f4ce6ab8827279cfffb92266
  To:                  0x5fbdb2315678afecb367f032d93f642f64180aa3

  Error: Transaction reverted without a reason

[31meth_call[0m
  Contract call:       CrowdFund#<unrecognized-selector>
  From:                0xf39fd6e51aad88f6f4ce6ab8827279cfffb92266
  To:                  0x5fbdb2315678afecb367f032d93f642f64180aa3

  Error: Transaction reverted without a reason

[31meth_call[0m
  Contract call:       CrowdFund#<unrecognized-selector>
  From:                0xf39fd6e51aad88f6f4ce6ab8827279cfffb92266
  To:                  0x5fbdb2315678afecb367f032d93f642f64180aa3

  Error: Transaction reverted without a reason

[31meth_call[0m
  Contract call:       CrowdFund#<unrecognized-selector>
  From:                0xf39fd6e51aad88f6f4ce6ab8827279cfffb92266
  To:                  0x5fbdb2315678afecb367f032d93f642f64180aa3

  Error: Transaction reverted without a reason

[31meth_call[0m
  Contract call:       CrowdFund#<unrecognized-selector>
  From:                0xf39fd6e51aad88f6f4ce6ab8827279cfffb92266
  To:                  0x5fbdb2315678afecb367f032d93f642f64180aa3

  Error: Transaction reverted without a reason

[31meth_call[0m
  Contract call:       CrowdFund#<unrecognized-selector>
  From:                0xf39fd6e51aad88f6f4ce6ab8827279cfffb92266
  To:                  0x5fbdb2315678afecb367f032d93f642f64180aa3

  Error: Transaction reverted without a reason

[32meth_getTransactionCount[0m
[32meth_sendRawTransaction[0m
  Contract call:       CrowdFund#contribute
  Transaction:         0xe91935a419f2e553e1ce95ec1efc2ece3b32bc1225b663fa0c0a993f7bc8e00d
  From:                0x70997970c51812dc3a010c7d01b50e0d17dc79c8
  To:                  0x5fbdb2315678afecb367f032d93f642f64180aa3
  Value:               5. ETH
  Gas used:            142767 of 142767
  Block #12:           0xa27a9763d5e5e2084d03729d4920533eb9e7277cec70ad72f67e7193f4f65a6d

[31meth_call[0m
  Contract call:       CrowdFund#<unrecognized-selector>
  From:                0xf39fd6e51aad88f6f4ce6ab8827279cfffb92266
  To:                  0x5fbdb2315678afecb367f032d93f642f64180aa3

  Error: Transaction reverted without a reason

[32meth_getTransactionReceipt[0m
[31meth_call[0m
  Contract call:       CrowdFund#<unrecognized-selector>
  From:                0xf39fd6e51aad88f6f4ce6ab8827279cfffb92266
  To:                  0x5fbdb2315678afecb367f032d93f642f64180aa3

  Error: Transaction reverted without a reason

[32meth_blockNumber[0m
[32meth_getBlockByNumber[0m
[32meth_getLogs[0m
[32meth_getLogs (2)[0m
[32meth_getLogs (3)[0m
[32meth_getLogs (4)[0m
[32meth_getLogs (5)[0m
[32meth_getLogs (6)[0m
[32meth_getLogs (7)[0m
[32meth_getLogs (8)[0m
[32meth_getLogs (9)[0m
[31meth_call[0m
  Contract call:       CrowdFund#<unrecognized-selector>
  From:                0xf39fd6e51aad88f6f4ce6ab8827279cfffb92266
  To:                  0x5fbdb2315678afecb367f032d93f642f64180aa3

  Error: Transaction reverted without a reason

[31meth_call[0m
  Contract call:       CrowdFund#<unrecognized-selector>
  From:                0xf39fd6e51aad88f6f4ce6ab8827279cfffb92266
  To:                  0x5fbdb2315678afecb367f032d93f642f64180aa3

  Error: Transaction reverted without a reason

[32meth_getBalance[0m
[32meth_getBalance (2)[0m
[32meth_getBalance (3)[0m
[32meth_getBalance (4)[0m
[32meth_getBalance (5)[0m
[32meth_getBalance (6)[0m
[32meth_getBalance (7)[0m
[32meth_getBalance (8)[0m
[32meth_getBalance (9)[0m
[32meth_getBalance (10)[0m
[32meth_getBalance (11)[0m
[32meth_getBalance (12)[0m
[32meth_getBalance (13)[0m
[32meth_getBalance (14)[0m
[32meth_getBalance (15)[0m
[32meth_getBalance (16)[0m
[32meth_getBalance (17)[0m
[32meth_getBalance (18)[0m
[32meth_getBalance (19)[0m
[32meth_getBalance (20)[0m
[32meth_getBalance (21)[0m
[32meth_getBalance (22)[0m
[32meth_getBalance (23)[0m
[32meth_getBalance (24)[0m
[32meth_getBalance (25)[0m
[32meth_getBalance (26)[0m
[32meth_getBalance (27)[0m
[32meth_getBalance (28)[0m
[32meth_getBalance (29)[0m
[32meth_getBalance (30)[0m
[32meth_getBalance (31)[0m
[32meth_getBalance (32)[0m
[32meth_getBalance (33)[0m
[32meth_getBalance (34)[0m
[32meth_getBalance (35)[0m
[32meth_getBalance (36)[0m
[32meth_getBalance (37)[0m
[32meth_getBalance (38)[0m
[32meth_getBalance (39)[0m
[32meth_getBalance (40)[0m
[32meth_getBalance (41)[0m
[32meth_getBalance (42)[0m
[32meth_getBalance (43)[0m
[32meth_getBalance (44)[0m
[32meth_getBalance (45)[0m
[32meth_getBalance (46)[0m
[32meth_getBalance (47)[0m
[32meth_getBalance (48)[0m
[32meth_getBalance (49)[0m
[32meth_getBalance (50)[0m
[32meth_getBalance (51)[0m
[32meth_getBalance (52)[0m
[32meth_getBalance (53)[0m
[32meth_getBalance (54)[0m
[32meth_getBalance (55)[0m
[32meth_getBalance (56)[0m
[32meth_getBalance (57)[0m
[32meth_getBalance (58)[0m
[32meth_getBalance (59)[0m
[32meth_getBalance (60)[0m
[32meth_getBalance (61)[0m
[32meth_getBalance (62)[0m
[32meth_getBalance (63)[0m
[32meth_getBalance (64)[0m
[32meth_getBalance (65)[0m
[32meth_getBalance (66)[0m
[32meth_getBalance (67)[0m
[32meth_getBalance (68)[0m
[32meth_getBalance (69)[0m
[32meth_getBalance (70)[0m
[32meth_getBalance (71)[0m
[32meth_getBalance (72)[0m
[32meth_getBalance (73)[0m
[32meth_getBalance (74)[0m
[32meth_getBalance (75)[0m
[32meth_getBalance (76)[0m
[32meth_getBalance (77)[0m
[32meth_getBalance (78)[0m
[32meth_getBalance (79)[0m
[32meth_getBalance (80)[0m
[32meth_getBalance (81)[0m
[32meth_getBalance (82)[0m
[32meth_getBalance (83)[0m
[32meth_getBalance (84)[0m
[32meth_getBalance (85)[0m
[32meth_getBalance (86)[0m
[32meth_getBalance (87)[0m
[32meth_getBalance (88)[0m
[32meth_getBalance (89)[0m
[32meth_getBalance (90)[0m
[32meth_getBalance (91)[0m
[32meth_getBalance (92)[0m
[32meth_getBalance (93)[0m
[32meth_getBalance (94)[0m
[32meth_getBalance (95)[0m
[32meth_getBalance (96)[0m
[32meth_getBalance (97)[0m
[32meth_getBalance (98)[0m
[32meth_getBalance (99)[0m
[32meth_getBalance (100)[0m
[32meth_getBalance (101)[0m
[32meth_getBalance (102)[0m
[32meth_getBalance (103)[0m
[32meth_getBalance (104)[0m
[32meth_getBalance (105)[0m
[32meth_getBalance (106)[0m
[32meth_getBalance (107)[0m
[32meth_getBalance (108)[0m
[32meth_getBalance (109)[0m
[32meth_getBalance (110)[0m
[32meth_getBalance (111)[0m
[32meth_getBalance (112)[0m
[32meth_getBalance (113)[0m
[32meth_getBalance (114)[0m
[32meth_getBalance (115)[0m
[32meth_getBalance (116)[0m
[32meth_getBalance (117)[0m
[32meth_getBalance (118)[0m
[32meth_getBalance (119)[0m
[32meth_getBalance (120)[0m
[32meth_getBalance (121)[0m
[32meth_getBalance (122)[0m
[32meth_getBalance (123)[0m
[32meth_getBalance (124)[0m
[32meth_getBalance (125)[0m
[32meth_getBalance (126)[0m
[32meth_getBalance (127)[0m
[32meth_getBalance (128)[0m
[32meth_getBalance (129)[0m
[32meth_getBalance (130)[0m
[32meth_getBalance (131)[0m
[32meth_getBalance (132)[0m
[32meth_getBalance (133)[0m
[32meth_getBalance (134)[0m
[32meth_getBalance (135)[0m
[32meth_getBalance (136)[0m
[32meth_call[0m
  Contract call:       CrowdFund#projectCounter
  From:                0x70997970c51812dc3a010c7d01b50e0d17dc79c8
  To:                  0x5fbdb2315678afecb367f032d93f642f64180aa3

[32meth_blockNumber[0m
[32meth_call[0m
  Contract call:       CrowdFund#projects
  From:                0x70997970c51812dc3a010c7d01b50e0d17dc79c8
  To:                  0x5fbdb2315678afecb367f032d93f642f64180aa3

[32meth_call[0m
  Contract call:       CrowdFund#projects
  From:                0x70997970c51812dc3a010c7d01b50e0d17dc79c8
  To:                  0x5fbdb2315678afecb367f032d93f642f64180aa3

[32meth_call[0m
  Contract call:       CrowdFund#getContributionAmount
  From:                0x70997970c51812dc3a010c7d01b50e0d17dc79c8
  To:                  0x5fbdb2315678afecb367f032d93f642f64180aa3

[32meth_call[0m
  Contract call:       CrowdFund#getContributionAmount
  From:                0x70997970c51812dc3a010c7d01b50e0d17dc79c8
  To:                  0x5fbdb2315678afecb367f032d93f642f64180aa3

[32meth_getLogs[0m
[32meth_getLogs (2)[0m
[32meth_getLogs (3)[0m
[32meth_getLogs (4)[0m
[32meth_getLogs (5)[0m
[32meth_getLogs (6)[0m
[32meth_getLogs (7)[0m
[32meth_getLogs (8)[0m
[32meth_getLogs (9)[0m
[32meth_call[0m
  Contract call:       CrowdFund#getProjectMilestones
  From:                0x70997970c51812dc3a010c7d01b50e0d17dc79c8
  To:                  0x5fbdb2315678afecb367f032d93f642f64180aa3

[31meth_call[0m
  Contract call:       CrowdFund#<unrecognized-selector>
  From:                0xf39fd6e51aad88f6f4ce6ab8827279cfffb92266
  To:                  0x5fbdb2315678afecb367f032d93f642f64180aa3

  Error: Transaction reverted without a reason

[31meth_call[0m
  Contract call:       CrowdFund#<unrecognized-selector>
  From:                0xf39fd6e51aad88f6f4ce6ab8827279cfffb92266
  To:                  0x5fbdb2315678afecb367f032d93f642f64180aa3

  Error: Transaction reverted without a reason

[31meth_call[0m
  Contract call:       CrowdFund#<unrecognized-selector>
  From:                0xf39fd6e51aad88f6f4ce6ab8827279cfffb92266
  To:                  0x5fbdb2315678afecb367f032d93f642f64180aa3

  Error: Transaction reverted without a reason

[31meth_call[0m
  Contract call:       CrowdFund#<unrecognized-selector>
  From:                0xf39fd6e51aad88f6f4ce6ab8827279cfffb92266
  To:                  0x5fbdb2315678afecb367f032d93f642f64180aa3

  Error: Transaction reverted without a reason

[32meth_gasPrice[0m
[32meth_call[0m
  Contract call:       CrowdFund#projectCounter
  From:                0x3c44cdddb6a900fa2b585dd299e03d12fa4293bc
  To:                  0x5fbdb2315678afecb367f032d93f642f64180aa3

[32meth_call[0m
  Contract call:       CrowdFund#getContributionAmount
  From:                0x70997970c51812dc3a010c7d01b50e0d17dc79c8
  To:                  0x5fbdb2315678afecb367f032d93f642f64180aa3

[32meth_call[0m
  Contract call:       CrowdFund#projects
  From:                0x3c44cdddb6a900fa2b585dd299e03d12fa4293bc
  To:                  0x5fbdb2315678afecb367f032d93f642f64180aa3

[32meth_call[0m
  Contract call:       CrowdFund#getContributionAmount
  From:                0x70997970c51812dc3a010c7d01b50e0d17dc79c8
  To:                  0x5fbdb2315678afecb367f032d93f642f64180aa3

[32meth_call[0m
  Contract call:       CrowdFund#projects
  From:                0x3c44cdddb6a900fa2b585dd299e03d12fa4293bc
  To:                  0x5fbdb2315678afecb367f032d93f642f64180aa3

[32meth_call[0m
  Contract call:       CrowdFund#getContributionAmount
  From:                0x3c44cdddb6a900fa2b585dd299e03d12fa4293bc
  To:                  0x5fbdb2315678afecb367f032d93f642f64180aa3

[32meth_call[0m
  Contract call:       CrowdFund#getProjectMilestones
  From:                0x3c44cdddb6a900fa2b585dd299e03d12fa4293bc
  To:                  0x5fbdb2315678afecb367f032d93f642f64180aa3

[32meth_call[0m
  Contract call:       CrowdFund#getContributionAmount
  From:                0x3c44cdddb6a900fa2b585dd299e03d12fa4293bc
  To:                  0x5fbdb2315678afecb367f032d93f642f64180aa3

[32meth_blockNumber[0m
[32meth_estimateGas[0m
[32meth_getCode[0m
[32meth_getCode (2)[0m
[31meth_call[0m
  Contract call:       CrowdFund#<unrecognized-selector>
  From:                0xf39fd6e51aad88f6f4ce6ab8827279cfffb92266
  To:                  0x5fbdb2315678afecb367f032d93f642f64180aa3

  Error: Transaction reverted without a reason

[31meth_call[0m
  Contract call:       CrowdFund#<unrecognized-selector>
  From:                0xf39fd6e51aad88f6f4ce6ab8827279cfffb92266
  To:                  0x5fbdb2315678afecb367f032d93f642f64180aa3

  Error: Transaction reverted without a reason

[31meth_call[0m
  Contract call:       CrowdFund#<unrecognized-selector>
  From:                0xf39fd6e51aad88f6f4ce6ab8827279cfffb92266
  To:                  0x5fbdb2315678afecb367f032d93f642f64180aa3

  Error: Transaction reverted without a reason

[31meth_call[0m
  Contract call:       CrowdFund#<unrecognized-selector>
  From:                0xf39fd6e51aad88f6f4ce6ab8827279cfffb92266
  To:                  0x5fbdb2315678afecb367f032d93f642f64180aa3

  Error: Transaction reverted without a reason

[31meth_call[0m
  Contract call:       CrowdFund#<unrecognized-selector>
  From:                0xf39fd6e51aad88f6f4ce6ab8827279cfffb92266
  To:                  0x5fbdb2315678afecb367f032d93f642f64180aa3

  Error: Transaction reverted without a reason

[31meth_call[0m
  Contract call:       CrowdFund#<unrecognized-selector>
  From:                0xf39fd6e51aad88f6f4ce6ab8827279cfffb92266
  To:                  0x5fbdb2315678afecb367f032d93f642f64180aa3

  Error: Transaction reverted without a reason

[31meth_call[0m
  Contract call:       CrowdFund#<unrecognized-selector>
  From:                0xf39fd6e51aad88f6f4ce6ab8827279cfffb92266
  To:                  0x5fbdb2315678afecb367f032d93f642f64180aa3

  Error: Transaction reverted without a reason

[31meth_call[0m
  Contract call:       CrowdFund#<unrecognized-selector>
  From:                0xf39fd6e51aad88f6f4ce6ab8827279cfffb92266
  To:                  0x5fbdb2315678afecb367f032d93f642f64180aa3

  Error: Transaction reverted without a reason

[31meth_call[0m
  Contract call:       CrowdFund#<unrecognized-selector>
  From:                0xf39fd6e51aad88f6f4ce6ab8827279cfffb92266
  To:                  0x5fbdb2315678afecb367f032d93f642f64180aa3

  Error: Transaction reverted without a reason

[32meth_getTransactionCount[0m
[32meth_sendRawTransaction[0m
  Contract call:       CrowdFund#contribute
  Transaction:         0xb06109f1450ed2373d1e5c08e5b174e742662fb5106da3fb0865edd00effe9b4
  From:                0x3c44cdddb6a900fa2b585dd299e03d12fa4293bc
  To:                  0x5fbdb2315678afecb367f032d93f642f64180aa3
  Value:               3. ETH
  Gas used:            91467 of 91467
  Block #13:           0x0f4087be4f0249362030b60eb1b0c368c909b6e6f0ddafb8647a3bcb7566b27f

[31meth_call[0m
  Contract call:       CrowdFund#<unrecognized-selector>
  From:                0xf39fd6e51aad88f6f4ce6ab8827279cfffb92266
  To:                  0x5fbdb2315678afecb367f032d93f642f64180aa3

  Error: Transaction reverted without a reason

[32meth_getTransactionReceipt[0m
[31meth_call[0m
  Contract call:       CrowdFund#<unrecognized-selector>
  From:                0xf39fd6e51aad88f6f4ce6ab8827279cfffb92266
  To:                  0x5fbdb2315678afecb367f032d93f642f64180aa3

  Error: Transaction reverted without a reason

[32meth_blockNumber[0m
[32meth_getBlockByNumber[0m
[32meth_getLogs[0m
[32meth_getLogs (2)[0m
[32meth_getLogs (3)[0m
[32meth_getLogs (4)[0m
[32meth_getLogs (5)[0m
[32meth_getLogs (6)[0m
[32meth_getLogs (7)[0m
[32meth_getLogs (8)[0m
[32meth_getLogs (9)[0m
[31meth_call[0m
  Contract call:       CrowdFund#<unrecognized-selector>
  From:                0xf39fd6e51aad88f6f4ce6ab8827279cfffb92266
  To:                  0x5fbdb2315678afecb367f032d93f642f64180aa3

  Error: Transaction reverted without a reason

[31meth_call[0m
  Contract call:       CrowdFund#<unrecognized-selector>
  From:                0xf39fd6e51aad88f6f4ce6ab8827279cfffb92266
  To:                  0x5fbdb2315678afecb367f032d93f642f64180aa3

  Error: Transaction reverted without a reason

[32meth_getBalance[0m
[32meth_getBalance (2)[0m
[32meth_getBalance (3)[0m
[32meth_getBalance (4)[0m
[32meth_getBalance (5)[0m
[32meth_getBalance (6)[0m
[32meth_getBalance (7)[0m
[32meth_getBalance (8)[0m
[32meth_getBalance (9)[0m
[32meth_getBalance (10)[0m
[32meth_getBalance (11)[0m
[32meth_getBalance (12)[0m
[32meth_getBalance (13)[0m
[32meth_getBalance (14)[0m
[32meth_getBalance (15)[0m
[32meth_getBalance (16)[0m
[32meth_getBalance (17)[0m
[32meth_getBalance (18)[0m
[32meth_getBalance (19)[0m
[32meth_getBalance (20)[0m
[32meth_getBalance (21)[0m
[32meth_getBalance (22)[0m
[32meth_getBalance (23)[0m
[32meth_getBalance (24)[0m
[32meth_getBalance (25)[0m
[32meth_getBalance (26)[0m
[32meth_getBalance (27)[0m
[32meth_getBalance (28)[0m
[32meth_getBalance (29)[0m
[32meth_getBalance (30)[0m
[32meth_getBalance (31)[0m
[32meth_getBalance (32)[0m
[32meth_getBalance (33)[0m
[32meth_getBalance (34)[0m
[32meth_getBalance (35)[0m
[32meth_getBalance (36)[0m
[32meth_getBalance (37)[0m
[32meth_getBalance (38)[0m
[32meth_getBalance (39)[0m
[32meth_getBalance (40)[0m
[32meth_getBalance (41)[0m
[32meth_getBalance (42)[0m
[32meth_getBalance (43)[0m
[32meth_getBalance (44)[0m
[32meth_getBalance (45)[0m
[32meth_getBalance (46)[0m
[32meth_getBalance (47)[0m
[32meth_getBalance (48)[0m
[32meth_getBalance (49)[0m
[32meth_getBalance (50)[0m
[32meth_getBalance (51)[0m
[32meth_getBalance (52)[0m
[32meth_getBalance (53)[0m
[32meth_getBalance (54)[0m
[32meth_getBalance (55)[0m
[32meth_getBalance (56)[0m
[32meth_getBalance (57)[0m
[32meth_getBalance (58)[0m
[32meth_getBalance (59)[0m
[32meth_getBalance (60)[0m
[32meth_getBalance (61)[0m
[32meth_getBalance (62)[0m
[32meth_getBalance (63)[0m
[32meth_getBalance (64)[0m
[32meth_getBalance (65)[0m
[32meth_getBalance (66)[0m
[32meth_getBalance (67)[0m
[32meth_getBalance (68)[0m
[32meth_getBalance (69)[0m
[32meth_getBalance (70)[0m
[32meth_getBalance (71)[0m
[32meth_getBalance (72)[0m
[32meth_getBalance (73)[0m
[32meth_getBalance (74)[0m
[32meth_getBalance (75)[0m
[32meth_getBalance (76)[0m
[32meth_getBalance (77)[0m
[32meth_getBalance (78)[0m
[32meth_getBalance (79)[0m
[32meth_getBalance (80)[0m
[32meth_getBalance (81)[0m
[32meth_getBalance (82)[0m
[32meth_getBalance (83)[0m
[32meth_getBalance (84)[0m
[32meth_getBalance (85)[0m
[32meth_getBalance (86)[0m
[32meth_getBalance (87)[0m
[32meth_getBalance (88)[0m
[32meth_getBalance (89)[0m
[32meth_getBalance (90)[0m
[32meth_getBalance (91)[0m
[32meth_getBalance (92)[0m
[32meth_getBalance (93)[0m
[32meth_getBalance (94)[0m
[32meth_getBalance (95)[0m
[32meth_getBalance (96)[0m
[32meth_getBalance (97)[0m
[32meth_getBalance (98)[0m
[32meth_getBalance (99)[0m
[32meth_getBalance (100)[0m
[32meth_getBalance (101)[0m
[32meth_getBalance (102)[0m
[32meth_getBalance (103)[0m
[32meth_getBalance (104)[0m
[32meth_getBalance (105)[0m
[32meth_getBalance (106)[0m
[32meth_getBalance (107)[0m
[32meth_getBalance (108)[0m
[32meth_getBalance (109)[0m
[32meth_getBalance (110)[0m
[32meth_getBalance (111)[0m
[32meth_getBalance (112)[0m
[32meth_getBalance (113)[0m
[32meth_getBalance (114)[0m
[32meth_getBalance (115)[0m
[32meth_getBalance (116)[0m
[32meth_getBalance (117)[0m
[32meth_getBalance (118)[0m
[32meth_getBalance (119)[0m
[32meth_getBalance (120)[0m
[32meth_getBalance (121)[0m
[32meth_getBalance (122)[0m
[32meth_getBalance (123)[0m
[32meth_getBalance (124)[0m
[32meth_getBalance (125)[0m
[32meth_getBalance (126)[0m
[32meth_getBalance (127)[0m
[32meth_getBalance (128)[0m
[32meth_getBalance (129)[0m
[32meth_getBalance (130)[0m
[32meth_getBalance (131)[0m
[32meth_getBalance (132)[0m
[32meth_getBalance (133)[0m
[32meth_getBalance (134)[0m
[32meth_getBalance (135)[0m
[32meth_getBalance (136)[0m
[32meth_call[0m
  Contract call:       CrowdFund#projectCounter
  From:                0x3c44cdddb6a900fa2b585dd299e03d12fa4293bc
  To:                  0x5fbdb2315678afecb367f032d93f642f64180aa3

[32meth_call[0m
  Contract call:       CrowdFund#projects
  From:                0x3c44cdddb6a900fa2b585dd299e03d12fa4293bc
  To:                  0x5fbdb2315678afecb367f032d93f642f64180aa3

[32meth_call[0m
  Contract call:       CrowdFund#projects
  From:                0x3c44cdddb6a900fa2b585dd299e03d12fa4293bc
  To:                  0x5fbdb2315678afecb367f032d93f642f64180aa3

[32meth_call[0m
  Contract call:       CrowdFund#getContributionAmount
  From:                0x3c44cdddb6a900fa2b585dd299e03d12fa4293bc
  To:                  0x5fbdb2315678afecb367f032d93f642f64180aa3

[32meth_call[0m
  Contract call:       CrowdFund#getContributionAmount
  From:                0x3c44cdddb6a900fa2b585dd299e03d12fa4293bc
  To:                  0x5fbdb2315678afecb367f032d93f642f64180aa3

[32meth_getLogs[0m
[32meth_getLogs (2)[0m
[32meth_getLogs (3)[0m
[32meth_getLogs (4)[0m
[32meth_getLogs (5)[0m
[32meth_getLogs (6)[0m
[32meth_getLogs (7)[0m
[32meth_getLogs (8)[0m
[32meth_getLogs (9)[0m
[32meth_call[0m
  Contract call:       CrowdFund#getProjectMilestones
  From:                0x3c44cdddb6a900fa2b585dd299e03d12fa4293bc
  To:                  0x5fbdb2315678afecb367f032d93f642f64180aa3

[32meth_blockNumber[0m
[31meth_call[0m
  Contract call:       CrowdFund#<unrecognized-selector>
  From:                0xf39fd6e51aad88f6f4ce6ab8827279cfffb92266
  To:                  0x5fbdb2315678afecb367f032d93f642f64180aa3

  Error: Transaction reverted without a reason

[31meth_call[0m
  Contract call:       CrowdFund#<unrecognized-selector>
  From:                0xf39fd6e51aad88f6f4ce6ab8827279cfffb92266
  To:                  0x5fbdb2315678afecb367f032d93f642f64180aa3

  Error: Transaction reverted without a reason

[31meth_call[0m
  Contract call:       CrowdFund#<unrecognized-selector>
  From:                0xf39fd6e51aad88f6f4ce6ab8827279cfffb92266
  To:                  0x5fbdb2315678afecb367f032d93f642f64180aa3

  Error: Transaction reverted without a reason

[31meth_call[0m
  Contract call:       CrowdFund#<unrecognized-selector>
  From:                0xf39fd6e51aad88f6f4ce6ab8827279cfffb92266
  To:                  0x5fbdb2315678afecb367f032d93f642f64180aa3

  Error: Transaction reverted without a reason

[32meth_gasPrice[0m
[32meth_call[0m
  Contract call:       CrowdFund#projectCounter
  From:                0x90f79bf6eb2c4f870365e785982e1f101e93b906
  To:                  0x5fbdb2315678afecb367f032d93f642f64180aa3

[32meth_call[0m
  Contract call:       CrowdFund#getContributionAmount
  From:                0x3c44cdddb6a900fa2b585dd299e03d12fa4293bc
  To:                  0x5fbdb2315678afecb367f032d93f642f64180aa3

[32meth_call[0m
  Contract call:       CrowdFund#projects
  From:                0x90f79bf6eb2c4f870365e785982e1f101e93b906
  To:                  0x5fbdb2315678afecb367f032d93f642f64180aa3

[32meth_call[0m
  Contract call:       CrowdFund#getContributionAmount
  From:                0x3c44cdddb6a900fa2b585dd299e03d12fa4293bc
  To:                  0x5fbdb2315678afecb367f032d93f642f64180aa3

[32meth_call[0m
  Contract call:       CrowdFund#projects
  From:                0x90f79bf6eb2c4f870365e785982e1f101e93b906
  To:                  0x5fbdb2315678afecb367f032d93f642f64180aa3

[32meth_call[0m
  Contract call:       CrowdFund#getContributionAmount
  From:                0x90f79bf6eb2c4f870365e785982e1f101e93b906
  To:                  0x5fbdb2315678afecb367f032d93f642f64180aa3

[32meth_call[0m
  Contract call:       CrowdFund#getProjectMilestones
  From:                0x90f79bf6eb2c4f870365e785982e1f101e93b906
  To:                  0x5fbdb2315678afecb367f032d93f642f64180aa3

[32meth_call[0m
  Contract call:       CrowdFund#getContributionAmount
  From:                0x90f79bf6eb2c4f870365e785982e1f101e93b906
  To:                  0x5fbdb2315678afecb367f032d93f642f64180aa3

[32meth_estimateGas[0m
[32meth_getCode[0m
[32meth_getCode (2)[0m
[31meth_call[0m
  Contract call:       CrowdFund#<unrecognized-selector>
  From:                0xf39fd6e51aad88f6f4ce6ab8827279cfffb92266
  To:                  0x5fbdb2315678afecb367f032d93f642f64180aa3

  Error: Transaction reverted without a reason

[31meth_call[0m
  Contract call:       CrowdFund#<unrecognized-selector>
  From:                0xf39fd6e51aad88f6f4ce6ab8827279cfffb92266
  To:                  0x5fbdb2315678afecb367f032d93f642f64180aa3

  Error: Transaction reverted without a reason

[31meth_call[0m
  Contract call:       CrowdFund#<unrecognized-selector>
  From:                0xf39fd6e51aad88f6f4ce6ab8827279cfffb92266
  To:                  0x5fbdb2315678afecb367f032d93f642f64180aa3

  Error: Transaction reverted without a reason

[31meth_call[0m
  Contract call:       CrowdFund#<unrecognized-selector>
  From:                0xf39fd6e51aad88f6f4ce6ab8827279cfffb92266
  To:                  0x5fbdb2315678afecb367f032d93f642f64180aa3

  Error: Transaction reverted without a reason

[31meth_call[0m
  Contract call:       CrowdFund#<unrecognized-selector>
  From:                0xf39fd6e51aad88f6f4ce6ab8827279cfffb92266
  To:                  0x5fbdb2315678afecb367f032d93f642f64180aa3

  Error: Transaction reverted without a reason

[31meth_call[0m
  Contract call:       CrowdFund#<unrecognized-selector>
  From:                0xf39fd6e51aad88f6f4ce6ab8827279cfffb92266
  To:                  0x5fbdb2315678afecb367f032d93f642f64180aa3

  Error: Transaction reverted without a reason

[31meth_call[0m
  Contract call:       CrowdFund#<unrecognized-selector>
  From:                0xf39fd6e51aad88f6f4ce6ab8827279cfffb92266
  To:                  0x5fbdb2315678afecb367f032d93f642f64180aa3

  Error: Transaction reverted without a reason

[31meth_call[0m
  Contract call:       CrowdFund#<unrecognized-selector>
  From:                0xf39fd6e51aad88f6f4ce6ab8827279cfffb92266
  To:                  0x5fbdb2315678afecb367f032d93f642f64180aa3

  Error: Transaction reverted without a reason

[31meth_call[0m
  Contract call:       CrowdFund#<unrecognized-selector>
  From:                0xf39fd6e51aad88f6f4ce6ab8827279cfffb92266
  To:                  0x5fbdb2315678afecb367f032d93f642f64180aa3

  Error: Transaction reverted without a reason

[32meth_getTransactionCount[0m
[32meth_sendRawTransaction[0m
  Contract call:       CrowdFund#contribute
  Transaction:         0x502df1cd48276aa282da99f5d677657d54c96920ceec5154e30676b534d13736
  From:                0x90f79bf6eb2c4f870365e785982e1f101e93b906
  To:                  0x5fbdb2315678afecb367f032d93f642f64180aa3
  Value:               2. ETH
  Gas used:            91467 of 91467
  Block #14:           0xe49d4757546048ff75bdcb2b8423b678a5af3699cc8f61cf8d457289805af453

[31meth_call[0m
  Contract call:       CrowdFund#<unrecognized-selector>
  From:                0xf39fd6e51aad88f6f4ce6ab8827279cfffb92266
  To:                  0x5fbdb2315678afecb367f032d93f642f64180aa3

  Error: Transaction reverted without a reason

[32meth_getTransactionReceipt[0m
[31meth_call[0m
  Contract call:       CrowdFund#<unrecognized-selector>
  From:                0xf39fd6e51aad88f6f4ce6ab8827279cfffb92266
  To:                  0x5fbdb2315678afecb367f032d93f642f64180aa3

  Error: Transaction reverted without a reason

[32meth_blockNumber[0m
[32meth_getBlockByNumber[0m
[32meth_getLogs[0m
[32meth_getLogs (2)[0m
[32meth_getLogs (3)[0m
[32meth_getLogs (4)[0m
[32meth_getLogs (5)[0m
[32meth_getLogs (6)[0m
[32meth_getLogs (7)[0m
[32meth_getLogs (8)[0m
[32meth_getLogs (9)[0m
[31meth_call[0m
  Contract call:       CrowdFund#<unrecognized-selector>
  From:                0xf39fd6e51aad88f6f4ce6ab8827279cfffb92266
  To:                  0x5fbdb2315678afecb367f032d93f642f64180aa3

  Error: Transaction reverted without a reason

[31meth_call[0m
  Contract call:       CrowdFund#<unrecognized-selector>
  From:                0xf39fd6e51aad88f6f4ce6ab8827279cfffb92266
  To:                  0x5fbdb2315678afecb367f032d93f642f64180aa3

  Error: Transaction reverted without a reason

[32meth_getBalance[0m
[32meth_getBalance (2)[0m
[32meth_getBalance (3)[0m
[32meth_getBalance (4)[0m
[32meth_getBalance (5)[0m
[32meth_getBalance (6)[0m
[32meth_getBalance (7)[0m
[32meth_getBalance (8)[0m
[32meth_getBalance (9)[0m
[32meth_getBalance (10)[0m
[32meth_getBalance (11)[0m
[32meth_getBalance (12)[0m
[32meth_getBalance (13)[0m
[32meth_getBalance (14)[0m
[32meth_getBalance (15)[0m
[32meth_getBalance (16)[0m
[32meth_getBalance (17)[0m
[32meth_getBalance (18)[0m
[32meth_getBalance (19)[0m
[32meth_getBalance (20)[0m
[32meth_getBalance (21)[0m
[32meth_getBalance (22)[0m
[32meth_getBalance (23)[0m
[32meth_getBalance (24)[0m
[32meth_getBalance (25)[0m
[32meth_getBalance (26)[0m
[32meth_getBalance (27)[0m
[32meth_getBalance (28)[0m
[32meth_getBalance (29)[0m
[32meth_getBalance (30)[0m
[32meth_getBalance (31)[0m
[32meth_getBalance (32)[0m
[32meth_getBalance (33)[0m
[32meth_getBalance (34)[0m
[32meth_getBalance (35)[0m
[32meth_getBalance (36)[0m
[32meth_getBalance (37)[0m
[32meth_getBalance (38)[0m
[32meth_getBalance (39)[0m
[32meth_getBalance (40)[0m
[32meth_getBalance (41)[0m
[32meth_getBalance (42)[0m
[32meth_getBalance (43)[0m
[32meth_getBalance (44)[0m
[32meth_getBalance (45)[0m
[32meth_getBalance (46)[0m
[32meth_getBalance (47)[0m
[32meth_getBalance (48)[0m
[32meth_getBalance (49)[0m
[32meth_getBalance (50)[0m
[32meth_getBalance (51)[0m
[32meth_getBalance (52)[0m
[32meth_getBalance (53)[0m
[32meth_getBalance (54)[0m
[32meth_getBalance (55)[0m
[32meth_getBalance (56)[0m
[32meth_getBalance (57)[0m
[32meth_getBalance (58)[0m
[32meth_getBalance (59)[0m
[32meth_getBalance (60)[0m
[32meth_getBalance (61)[0m
[32meth_getBalance (62)[0m
[32meth_getBalance (63)[0m
[32meth_getBalance (64)[0m
[32meth_getBalance (65)[0m
[32meth_getBalance (66)[0m
[32meth_getBalance (67)[0m
[32meth_getBalance (68)[0m
[32meth_getBalance (69)[0m
[32meth_getBalance (70)[0m
[32meth_getBalance (71)[0m
[32meth_getBalance (72)[0m
[32meth_getBalance (73)[0m
[32meth_getBalance (74)[0m
[32meth_getBalance (75)[0m
[32meth_getBalance (76)[0m
[32meth_getBalance (77)[0m
[32meth_getBalance (78)[0m
[32meth_getBalance (79)[0m
[32meth_getBalance (80)[0m
[32meth_getBalance (81)[0m
[32meth_getBalance (82)[0m
[32meth_getBalance (83)[0m
[32meth_getBalance (84)[0m
[32meth_getBalance (85)[0m
[32meth_getBalance (86)[0m
[32meth_getBalance (87)[0m
[32meth_getBalance (88)[0m
[32meth_getBalance (89)[0m
[32meth_getBalance (90)[0m
[32meth_getBalance (91)[0m
[32meth_getBalance (92)[0m
[32meth_getBalance (93)[0m
[32meth_getBalance (94)[0m
[32meth_getBalance (95)[0m
[32meth_getBalance (96)[0m
[32meth_getBalance (97)[0m
[32meth_getBalance (98)[0m
[32meth_getBalance (99)[0m
[32meth_getBalance (100)[0m
[32meth_getBalance (101)[0m
[32meth_getBalance (102)[0m
[32meth_getBalance (103)[0m
[32meth_getBalance (104)[0m
[32meth_getBalance (105)[0m
[32meth_getBalance (106)[0m
[32meth_getBalance (107)[0m
[32meth_getBalance (108)[0m
[32meth_getBalance (109)[0m
[32meth_getBalance (110)[0m
[32meth_getBalance (111)[0m
[32meth_getBalance (112)[0m
[32meth_getBalance (113)[0m
[32meth_getBalance (114)[0m
[32meth_getBalance (115)[0m
[32meth_getBalance (116)[0m
[32meth_getBalance (117)[0m
[32meth_getBalance (118)[0m
[32meth_getBalance (119)[0m
[32meth_getBalance (120)[0m
[32meth_getBalance (121)[0m
[32meth_getBalance (122)[0m
[32meth_getBalance (123)[0m
[32meth_getBalance (124)[0m
[32meth_getBalance (125)[0m
[32meth_getBalance (126)[0m
[32meth_getBalance (127)[0m
[32meth_getBalance (128)[0m
[32meth_getBalance (129)[0m
[32meth_getBalance (130)[0m
[32meth_getBalance (131)[0m
[32meth_getBalance (132)[0m
[32meth_getBalance (133)[0m
[32meth_getBalance (134)[0m
[32meth_getBalance (135)[0m
[32meth_getBalance (136)[0m
[32meth_call[0m
  Contract call:       CrowdFund#projectCounter
  From:                0x90f79bf6eb2c4f870365e785982e1f101e93b906
  To:                  0x5fbdb2315678afecb367f032d93f642f64180aa3

[32meth_call[0m
  Contract call:       CrowdFund#projects
  From:                0x90f79bf6eb2c4f870365e785982e1f101e93b906
  To:                  0x5fbdb2315678afecb367f032d93f642f64180aa3

[32meth_call[0m
  Contract call:       CrowdFund#projects
  From:                0x90f79bf6eb2c4f870365e785982e1f101e93b906
  To:                  0x5fbdb2315678afecb367f032d93f642f64180aa3

[32meth_call[0m
  Contract call:       CrowdFund#getContributionAmount
  From:                0x90f79bf6eb2c4f870365e785982e1f101e93b906
  To:                  0x5fbdb2315678afecb367f032d93f642f64180aa3

[32meth_call[0m
  Contract call:       CrowdFund#getContributionAmount
  From:                0x90f79bf6eb2c4f870365e785982e1f101e93b906
  To:                  0x5fbdb2315678afecb367f032d93f642f64180aa3

[32meth_getLogs[0m
[32meth_getLogs (2)[0m
[32meth_getLogs (3)[0m
[32meth_getLogs (4)[0m
[32meth_getLogs (5)[0m
[32meth_getLogs (6)[0m
[32meth_getLogs (7)[0m
[32meth_getLogs (8)[0m
[32meth_getLogs (9)[0m
[32meth_call[0m
  Contract call:       CrowdFund#getProjectMilestones
  From:                0x90f79bf6eb2c4f870365e785982e1f101e93b906
  To:                  0x5fbdb2315678afecb367f032d93f642f64180aa3

[32meth_blockNumber[0m
[31meth_call[0m
  Contract call:       CrowdFund#<unrecognized-selector>
  From:                0xf39fd6e51aad88f6f4ce6ab8827279cfffb92266
  To:                  0x5fbdb2315678afecb367f032d93f642f64180aa3

  Error: Transaction reverted without a reason

[31meth_call[0m
  Contract call:       CrowdFund#<unrecognized-selector>
  From:                0xf39fd6e51aad88f6f4ce6ab8827279cfffb92266
  To:                  0x5fbdb2315678afecb367f032d93f642f64180aa3

  Error: Transaction reverted without a reason

[31meth_call[0m
  Contract call:       CrowdFund#<unrecognized-selector>
  From:                0xf39fd6e51aad88f6f4ce6ab8827279cfffb92266
  To:                  0x5fbdb2315678afecb367f032d93f642f64180aa3

  Error: Transaction reverted without a reason

[31meth_call[0m
  Contract call:       CrowdFund#<unrecognized-selector>
  From:                0xf39fd6e51aad88f6f4ce6ab8827279cfffb92266
  To:                  0x5fbdb2315678afecb367f032d93f642f64180aa3

  Error: Transaction reverted without a reason

[32meth_blockNumber[0m
[32meth_gasPrice[0m
[32meth_call[0m
  Contract call:       CrowdFund#projectCounter
  From:                0xf39fd6e51aad88f6f4ce6ab8827279cfffb92266
  To:                  0x5fbdb2315678afecb367f032d93f642f64180aa3

[32meth_call[0m
  Contract call:       CrowdFund#getContributionAmount
  From:                0x90f79bf6eb2c4f870365e785982e1f101e93b906
  To:                  0x5fbdb2315678afecb367f032d93f642f64180aa3

[32meth_call[0m
  Contract call:       CrowdFund#projects
  From:                0xf39fd6e51aad88f6f4ce6ab8827279cfffb92266
  To:                  0x5fbdb2315678afecb367f032d93f642f64180aa3

[32meth_call[0m
  Contract call:       CrowdFund#getContributionAmount
  From:                0x90f79bf6eb2c4f870365e785982e1f101e93b906
  To:                  0x5fbdb2315678afecb367f032d93f642f64180aa3

[32meth_call[0m
  Contract call:       CrowdFund#projects
  From:                0xf39fd6e51aad88f6f4ce6ab8827279cfffb92266
  To:                  0x5fbdb2315678afecb367f032d93f642f64180aa3

[32meth_call[0m
  Contract call:       CrowdFund#getContributionAmount
  From:                0xf39fd6e51aad88f6f4ce6ab8827279cfffb92266
  To:                  0x5fbdb2315678afecb367f032d93f642f64180aa3

[32meth_call[0m
  Contract call:       CrowdFund#getProjectMilestones
  From:                0xf39fd6e51aad88f6f4ce6ab8827279cfffb92266
  To:                  0x5fbdb2315678afecb367f032d93f642f64180aa3

[32meth_call[0m
  Contract call:       CrowdFund#getContributionAmount
  From:                0xf39fd6e51aad88f6f4ce6ab8827279cfffb92266
  To:                  0x5fbdb2315678afecb367f032d93f642f64180aa3

[32meth_blockNumber[0m
[32meth_blockNumber (2)[0m
[32meth_blockNumber (3)[0m
[32meth_blockNumber (4)[0m
[32meth_estimateGas[0m
[32meth_getCode[0m
[32meth_getCode (2)[0m
[31meth_call[0m
  Contract call:       CrowdFund#<unrecognized-selector>
  From:                0xf39fd6e51aad88f6f4ce6ab8827279cfffb92266
  To:                  0x5fbdb2315678afecb367f032d93f642f64180aa3

  Error: Transaction reverted without a reason

[31meth_call[0m
  Contract call:       CrowdFund#<unrecognized-selector>
  From:                0xf39fd6e51aad88f6f4ce6ab8827279cfffb92266
  To:                  0x5fbdb2315678afecb367f032d93f642f64180aa3

  Error: Transaction reverted without a reason

[31meth_call[0m
  Contract call:       CrowdFund#<unrecognized-selector>
  From:                0xf39fd6e51aad88f6f4ce6ab8827279cfffb92266
  To:                  0x5fbdb2315678afecb367f032d93f642f64180aa3

  Error: Transaction reverted without a reason

[31meth_call[0m
  Contract call:       CrowdFund#<unrecognized-selector>
  From:                0xf39fd6e51aad88f6f4ce6ab8827279cfffb92266
  To:                  0x5fbdb2315678afecb367f032d93f642f64180aa3

  Error: Transaction reverted without a reason

[31meth_call[0m
  Contract call:       CrowdFund#<unrecognized-selector>
  From:                0xf39fd6e51aad88f6f4ce6ab8827279cfffb92266
  To:                  0x5fbdb2315678afecb367f032d93f642f64180aa3

  Error: Transaction reverted without a reason

[31meth_call[0m
  Contract call:       CrowdFund#<unrecognized-selector>
  From:                0xf39fd6e51aad88f6f4ce6ab8827279cfffb92266
  To:                  0x5fbdb2315678afecb367f032d93f642f64180aa3

  Error: Transaction reverted without a reason

[31meth_call[0m
  Contract call:       CrowdFund#<unrecognized-selector>
  From:                0xf39fd6e51aad88f6f4ce6ab8827279cfffb92266
  To:                  0x5fbdb2315678afecb367f032d93f642f64180aa3

  Error: Transaction reverted without a reason

[31meth_call[0m
  Contract call:       CrowdFund#<unrecognized-selector>
  From:                0xf39fd6e51aad88f6f4ce6ab8827279cfffb92266
  To:                  0x5fbdb2315678afecb367f032d93f642f64180aa3

  Error: Transaction reverted without a reason

[31meth_call[0m
  Contract call:       CrowdFund#<unrecognized-selector>
  From:                0xf39fd6e51aad88f6f4ce6ab8827279cfffb92266
  To:                  0x5fbdb2315678afecb367f032d93f642f64180aa3

  Error: Transaction reverted without a reason

[32meth_getTransactionCount[0m
[32meth_sendRawTransaction[0m
  Contract call:       CrowdFund#checkDeadlineAndFinalize
  Transaction:         0xd8b5b3b17cb8ea6ea3311e7c8463bcc191723af40e5020814f64346d12d59a1e
  From:                0xf39fd6e51aad88f6f4ce6ab8827279cfffb92266
  To:                  0x5fbdb2315678afecb367f032d93f642f64180aa3
  Value:               0 ETH
  Gas used:            53891 of 53891
  Block #15:           0x683239ee7d63c69940f729042ac768ebde3f5514e64caa70f57227719297560b

[31meth_call[0m
  Contract call:       CrowdFund#<unrecognized-selector>
  From:                0xf39fd6e51aad88f6f4ce6ab8827279cfffb92266
  To:                  0x5fbdb2315678afecb367f032d93f642f64180aa3

  Error: Transaction reverted without a reason

[32meth_getTransactionReceipt[0m
[31meth_call[0m
  Contract call:       CrowdFund#<unrecognized-selector>
  From:                0xf39fd6e51aad88f6f4ce6ab8827279cfffb92266
  To:                  0x5fbdb2315678afecb367f032d93f642f64180aa3

  Error: Transaction reverted without a reason

[32meth_blockNumber[0m
[32meth_getBlockByNumber[0m
[32meth_getLogs[0m
[32meth_getLogs (2)[0m
[32meth_getLogs (3)[0m
[32meth_getLogs (4)[0m
[32meth_getLogs (5)[0m
[32meth_getLogs (6)[0m
[32meth_getLogs (7)[0m
[32meth_getLogs (8)[0m
[32meth_getLogs (9)[0m
[31meth_call[0m
  Contract call:       CrowdFund#<unrecognized-selector>
  From:                0xf39fd6e51aad88f6f4ce6ab8827279cfffb92266
  To:                  0x5fbdb2315678afecb367f032d93f642f64180aa3

  Error: Transaction reverted without a reason

[31meth_call[0m
  Contract call:       CrowdFund#<unrecognized-selector>
  From:                0xf39fd6e51aad88f6f4ce6ab8827279cfffb92266
  To:                  0x5fbdb2315678afecb367f032d93f642f64180aa3

  Error: Transaction reverted without a reason

[32meth_getBalance[0m
[32meth_getBalance (2)[0m
[32meth_getBalance (3)[0m
[32meth_getBalance (4)[0m
[32meth_getBalance (5)[0m
[32meth_getBalance (6)[0m
[32meth_getBalance (7)[0m
[32meth_getBalance (8)[0m
[32meth_getBalance (9)[0m
[32meth_getBalance (10)[0m
[32meth_getBalance (11)[0m
[32meth_getBalance (12)[0m
[32meth_getBalance (13)[0m
[32meth_getBalance (14)[0m
[32meth_getBalance (15)[0m
[32meth_getBalance (16)[0m
[32meth_getBalance (17)[0m
[32meth_getBalance (18)[0m
[32meth_getBalance (19)[0m
[32meth_getBalance (20)[0m
[32meth_getBalance (21)[0m
[32meth_getBalance (22)[0m
[32meth_getBalance (23)[0m
[32meth_getBalance (24)[0m
[32meth_getBalance (25)[0m
[32meth_getBalance (26)[0m
[32meth_getBalance (27)[0m
[32meth_getBalance (28)[0m
[32meth_getBalance (29)[0m
[32meth_getBalance (30)[0m
[32meth_getBalance (31)[0m
[32meth_getBalance (32)[0m
[32meth_getBalance (33)[0m
[32meth_getBalance (34)[0m
[32meth_getBalance (35)[0m
[32meth_getBalance (36)[0m
[32meth_getBalance (37)[0m
[32meth_getBalance (38)[0m
[32meth_getBalance (39)[0m
[32meth_getBalance (40)[0m
[32meth_getBalance (41)[0m
[32meth_getBalance (42)[0m
[32meth_getBalance (43)[0m
[32meth_getBalance (44)[0m
[32meth_getBalance (45)[0m
[32meth_getBalance (46)[0m
[32meth_getBalance (47)[0m
[32meth_getBalance (48)[0m
[32meth_getBalance (49)[0m
[32meth_getBalance (50)[0m
[32meth_getBalance (51)[0m
[32meth_getBalance (52)[0m
[32meth_getBalance (53)[0m
[32meth_getBalance (54)[0m
[32meth_getBalance (55)[0m
[32meth_getBalance (56)[0m
[32meth_getBalance (57)[0m
[32meth_getBalance (58)[0m
[32meth_getBalance (59)[0m
[32meth_getBalance (60)[0m
[32meth_getBalance (61)[0m
[32meth_getBalance (62)[0m
[32meth_getBalance (63)[0m
[32meth_getBalance (64)[0m
[32meth_getBalance (65)[0m
[32meth_getBalance (66)[0m
[32meth_getBalance (67)[0m
[32meth_getBalance (68)[0m
[32meth_getBalance (69)[0m
[32meth_getBalance (70)[0m
[32meth_getBalance (71)[0m
[32meth_getBalance (72)[0m
[32meth_getBalance (73)[0m
[32meth_getBalance (74)[0m
[32meth_getBalance (75)[0m
[32meth_getBalance (76)[0m
[32meth_getBalance (77)[0m
[32meth_getBalance (78)[0m
[32meth_getBalance (79)[0m
[32meth_getBalance (80)[0m
[32meth_getBalance (81)[0m
[32meth_getBalance (82)[0m
[32meth_getBalance (83)[0m
[32meth_getBalance (84)[0m
[32meth_getBalance (85)[0m
[32meth_getBalance (86)[0m
[32meth_getBalance (87)[0m
[32meth_getBalance (88)[0m
[32meth_getBalance (89)[0m
[32meth_getBalance (90)[0m
[32meth_getBalance (91)[0m
[32meth_getBalance (92)[0m
[32meth_getBalance (93)[0m
[32meth_getBalance (94)[0m
[32meth_getBalance (95)[0m
[32meth_getBalance (96)[0m
[32meth_getBalance (97)[0m
[32meth_getBalance (98)[0m
[32meth_getBalance (99)[0m
[32meth_getBalance (100)[0m
[32meth_getBalance (101)[0m
[32meth_getBalance (102)[0m
[32meth_getBalance (103)[0m
[32meth_getBalance (104)[0m
[32meth_getBalance (105)[0m
[32meth_getBalance (106)[0m
[32meth_getBalance (107)[0m
[32meth_getBalance (108)[0m
[32meth_getBalance (109)[0m
[32meth_getBalance (110)[0m
[32meth_getBalance (111)[0m
[32meth_getBalance (112)[0m
[32meth_getBalance (113)[0m
[32meth_getBalance (114)[0m
[32meth_getBalance (115)[0m
[32meth_getBalance (116)[0m
[32meth_getBalance (117)[0m
[32meth_getBalance (118)[0m
[32meth_getBalance (119)[0m
[32meth_getBalance (120)[0m
[32meth_getBalance (121)[0m
[32meth_getBalance (122)[0m
[32meth_getBalance (123)[0m
[32meth_getBalance (124)[0m
[32meth_getBalance (125)[0m
[32meth_getBalance (126)[0m
[32meth_getBalance (127)[0m
[32meth_getBalance (128)[0m
[32meth_getBalance (129)[0m
[32meth_getBalance (130)[0m
[32meth_getBalance (131)[0m
[32meth_getBalance (132)[0m
[32meth_getBalance (133)[0m
[32meth_getBalance (134)[0m
[32meth_getBalance (135)[0m
[32meth_getBalance (136)[0m
[32meth_call[0m
  Contract call:       CrowdFund#projectCounter
  From:                0xf39fd6e51aad88f6f4ce6ab8827279cfffb92266
  To:                  0x5fbdb2315678afecb367f032d93f642f64180aa3

[32meth_call[0m
  Contract call:       CrowdFund#projects
  From:                0xf39fd6e51aad88f6f4ce6ab8827279cfffb92266
  To:                  0x5fbdb2315678afecb367f032d93f642f64180aa3

[32meth_call[0m
  Contract call:       CrowdFund#projects
  From:                0xf39fd6e51aad88f6f4ce6ab8827279cfffb92266
  To:                  0x5fbdb2315678afecb367f032d93f642f64180aa3

[32meth_call[0m
  Contract call:       CrowdFund#getContributionAmount
  From:                0xf39fd6e51aad88f6f4ce6ab8827279cfffb92266
  To:                  0x5fbdb2315678afecb367f032d93f642f64180aa3

[32meth_call[0m
  Contract call:       CrowdFund#getContributionAmount
  From:                0xf39fd6e51aad88f6f4ce6ab8827279cfffb92266
  To:                  0x5fbdb2315678afecb367f032d93f642f64180aa3

[31meth_call[0m
  Contract call:       CrowdFund#<unrecognized-selector>
  From:                0xf39fd6e51aad88f6f4ce6ab8827279cfffb92266
  To:                  0x5fbdb2315678afecb367f032d93f642f64180aa3

  Error: Transaction reverted without a reason

[31meth_call[0m
  Contract call:       CrowdFund#<unrecognized-selector>
  From:                0xf39fd6e51aad88f6f4ce6ab8827279cfffb92266
  To:                  0x5fbdb2315678afecb367f032d93f642f64180aa3

  Error: Transaction reverted without a reason

[31meth_call[0m
  Contract call:       CrowdFund#<unrecognized-selector>
  From:                0xf39fd6e51aad88f6f4ce6ab8827279cfffb92266
  To:                  0x5fbdb2315678afecb367f032d93f642f64180aa3

  Error: Transaction reverted without a reason

[31meth_call[0m
  Contract call:       CrowdFund#<unrecognized-selector>
  From:                0xf39fd6e51aad88f6f4ce6ab8827279cfffb92266
  To:                  0x5fbdb2315678afecb367f032d93f642f64180aa3

  Error: Transaction reverted without a reason

[32meth_blockNumber[0m
[32meth_getLogs[0m
[32meth_getLogs (2)[0m
[32meth_getLogs (3)[0m
[32meth_getLogs (4)[0m
[32meth_getLogs (5)[0m
[32meth_getLogs (6)[0m
[32meth_getLogs (7)[0m
[32meth_getLogs (8)[0m
[32meth_getLogs (9)[0m
[32meth_call[0m
  Contract call:       CrowdFund#getProjectMilestones
  From:                0xf39fd6e51aad88f6f4ce6ab8827279cfffb92266
  To:                  0x5fbdb2315678afecb367f032d93f642f64180aa3

[32meth_call[0m
  Contract call:       CrowdFund#getProjectMilestones
  From:                0xf39fd6e51aad88f6f4ce6ab8827279cfffb92266
  To:                  0x5fbdb2315678afecb367f032d93f642f64180aa3

[32meth_blockNumber[0m
[32meth_estimateGas[0m
[32meth_getCode[0m
[32meth_getCode (2)[0m
[32meth_gasPrice[0m
[31meth_call[0m
  Contract call:       CrowdFund#<unrecognized-selector>
  From:                0xf39fd6e51aad88f6f4ce6ab8827279cfffb92266
  To:                  0x5fbdb2315678afecb367f032d93f642f64180aa3

  Error: Transaction reverted without a reason

[31meth_call[0m
  Contract call:       CrowdFund#<unrecognized-selector>
  From:                0xf39fd6e51aad88f6f4ce6ab8827279cfffb92266
  To:                  0x5fbdb2315678afecb367f032d93f642f64180aa3

  Error: Transaction reverted without a reason

[31meth_call[0m
  Contract call:       CrowdFund#<unrecognized-selector>
  From:                0xf39fd6e51aad88f6f4ce6ab8827279cfffb92266
  To:                  0x5fbdb2315678afecb367f032d93f642f64180aa3

  Error: Transaction reverted without a reason

[31meth_call[0m
  Contract call:       CrowdFund#<unrecognized-selector>
  From:                0xf39fd6e51aad88f6f4ce6ab8827279cfffb92266
  To:                  0x5fbdb2315678afecb367f032d93f642f64180aa3

  Error: Transaction reverted without a reason

[31meth_call[0m
  Contract call:       CrowdFund#<unrecognized-selector>
  From:                0xf39fd6e51aad88f6f4ce6ab8827279cfffb92266
  To:                  0x5fbdb2315678afecb367f032d93f642f64180aa3

  Error: Transaction reverted without a reason

[31meth_call[0m
  Contract call:       CrowdFund#<unrecognized-selector>
  From:                0xf39fd6e51aad88f6f4ce6ab8827279cfffb92266
  To:                  0x5fbdb2315678afecb367f032d93f642f64180aa3

  Error: Transaction reverted without a reason

[31meth_call[0m
  Contract call:       CrowdFund#<unrecognized-selector>
  From:                0xf39fd6e51aad88f6f4ce6ab8827279cfffb92266
  To:                  0x5fbdb2315678afecb367f032d93f642f64180aa3

  Error: Transaction reverted without a reason

[31meth_call[0m
  Contract call:       CrowdFund#<unrecognized-selector>
  From:                0xf39fd6e51aad88f6f4ce6ab8827279cfffb92266
  To:                  0x5fbdb2315678afecb367f032d93f642f64180aa3

  Error: Transaction reverted without a reason

[31meth_call[0m
  Contract call:       CrowdFund#<unrecognized-selector>
  From:                0xf39fd6e51aad88f6f4ce6ab8827279cfffb92266
  To:                  0x5fbdb2315678afecb367f032d93f642f64180aa3

  Error: Transaction reverted without a reason

[32meth_getTransactionCount[0m
[32meth_sendRawTransaction[0m
  Contract call:       CrowdFund#startMilestoneVote
  Transaction:         0x6c9621ee4ae0a97817ff2d2e33bfca8d89874f9e3ae5729f4e86cefa6f48e60f
  From:                0xf39fd6e51aad88f6f4ce6ab8827279cfffb92266
  To:                  0x5fbdb2315678afecb367f032d93f642f64180aa3
  Value:               0 ETH
  Gas used:            55659 of 55659
  Block #16:           0x873e5cf828b0f11a5df66c5aba2b3bd70ed50b0441762b12b4aa7b0faabe16db

[31meth_call[0m
  Contract call:       CrowdFund#<unrecognized-selector>
  From:                0xf39fd6e51aad88f6f4ce6ab8827279cfffb92266
  To:                  0x5fbdb2315678afecb367f032d93f642f64180aa3

  Error: Transaction reverted without a reason

[32meth_getTransactionReceipt[0m
[31meth_call[0m
  Contract call:       CrowdFund#<unrecognized-selector>
  From:                0xf39fd6e51aad88f6f4ce6ab8827279cfffb92266
  To:                  0x5fbdb2315678afecb367f032d93f642f64180aa3

  Error: Transaction reverted without a reason

[32meth_blockNumber[0m
[32meth_getBlockByNumber[0m
[32meth_getLogs[0m
[32meth_getLogs (2)[0m
[32meth_getLogs (3)[0m
[32meth_getLogs (4)[0m
[32meth_getLogs (5)[0m
[32meth_getLogs (6)[0m
[32meth_getLogs (7)[0m
[32meth_getLogs (8)[0m
[32meth_getLogs (9)[0m
[31meth_call[0m
  Contract call:       CrowdFund#<unrecognized-selector>
  From:                0xf39fd6e51aad88f6f4ce6ab8827279cfffb92266
  To:                  0x5fbdb2315678afecb367f032d93f642f64180aa3

  Error: Transaction reverted without a reason

[31meth_call[0m
  Contract call:       CrowdFund#<unrecognized-selector>
  From:                0xf39fd6e51aad88f6f4ce6ab8827279cfffb92266
  To:                  0x5fbdb2315678afecb367f032d93f642f64180aa3

  Error: Transaction reverted without a reason

[32meth_getBalance[0m
[32meth_getBalance (2)[0m
[32meth_getBalance (3)[0m
[32meth_getBalance (4)[0m
[32meth_getBalance (5)[0m
[32meth_getBalance (6)[0m
[32meth_getBalance (7)[0m
[32meth_getBalance (8)[0m
[32meth_getBalance (9)[0m
[32meth_getBalance (10)[0m
[32meth_getBalance (11)[0m
[32meth_getBalance (12)[0m
[32meth_getBalance (13)[0m
[32meth_getBalance (14)[0m
[32meth_getBalance (15)[0m
[32meth_getBalance (16)[0m
[32meth_getBalance (17)[0m
[32meth_getBalance (18)[0m
[32meth_getBalance (19)[0m
[32meth_getBalance (20)[0m
[32meth_getBalance (21)[0m
[32meth_getBalance (22)[0m
[32meth_getBalance (23)[0m
[32meth_getBalance (24)[0m
[32meth_getBalance (25)[0m
[32meth_getBalance (26)[0m
[32meth_getBalance (27)[0m
[32meth_getBalance (28)[0m
[32meth_getBalance (29)[0m
[32meth_getBalance (30)[0m
[32meth_getBalance (31)[0m
[32meth_getBalance (32)[0m
[32meth_getBalance (33)[0m
[32meth_getBalance (34)[0m
[32meth_getBalance (35)[0m
[32meth_getBalance (36)[0m
[32meth_getBalance (37)[0m
[32meth_getBalance (38)[0m
[32meth_getBalance (39)[0m
[32meth_getBalance (40)[0m
[32meth_getBalance (41)[0m
[32meth_getBalance (42)[0m
[32meth_getBalance (43)[0m
[32meth_getBalance (44)[0m
[32meth_getBalance (45)[0m
[32meth_getBalance (46)[0m
[32meth_getBalance (47)[0m
[32meth_getBalance (48)[0m
[32meth_getBalance (49)[0m
[32meth_getBalance (50)[0m
[32meth_getBalance (51)[0m
[32meth_getBalance (52)[0m
[32meth_getBalance (53)[0m
[32meth_getBalance (54)[0m
[32meth_getBalance (55)[0m
[32meth_getBalance (56)[0m
[32meth_getBalance (57)[0m
[32meth_getBalance (58)[0m
[32meth_getBalance (59)[0m
[32meth_getBalance (60)[0m
[32meth_getBalance (61)[0m
[32meth_getBalance (62)[0m
[32meth_getBalance (63)[0m
[32meth_getBalance (64)[0m
[32meth_getBalance (65)[0m
[32meth_getBalance (66)[0m
[32meth_getBalance (67)[0m
[32meth_getBalance (68)[0m
[32meth_getBalance (69)[0m
[32meth_getBalance (70)[0m
[32meth_getBalance (71)[0m
[32meth_getBalance (72)[0m
[32meth_getBalance (73)[0m
[32meth_getBalance (74)[0m
[32meth_getBalance (75)[0m
[32meth_getBalance (76)[0m
[32meth_getBalance (77)[0m
[32meth_getBalance (78)[0m
[32meth_getBalance (79)[0m
[32meth_getBalance (80)[0m
[32meth_getBalance (81)[0m
[32meth_getBalance (82)[0m
[32meth_getBalance (83)[0m
[32meth_getBalance (84)[0m
[32meth_getBalance (85)[0m
[32meth_getBalance (86)[0m
[32meth_getBalance (87)[0m
[32meth_getBalance (88)[0m
[32meth_getBalance (89)[0m
[32meth_getBalance (90)[0m
[32meth_getBalance (91)[0m
[32meth_getBalance (92)[0m
[32meth_getBalance (93)[0m
[32meth_getBalance (94)[0m
[32meth_getBalance (95)[0m
[32meth_getBalance (96)[0m
[32meth_getBalance (97)[0m
[32meth_getBalance (98)[0m
[32meth_getBalance (99)[0m
[32meth_getBalance (100)[0m
[32meth_getBalance (101)[0m
[32meth_getBalance (102)[0m
[32meth_getBalance (103)[0m
[32meth_getBalance (104)[0m
[32meth_getBalance (105)[0m
[32meth_getBalance (106)[0m
[32meth_getBalance (107)[0m
[32meth_getBalance (108)[0m
[32meth_getBalance (109)[0m
[32meth_getBalance (110)[0m
[32meth_getBalance (111)[0m
[32meth_getBalance (112)[0m
[32meth_getBalance (113)[0m
[32meth_getBalance (114)[0m
[32meth_getBalance (115)[0m
[32meth_getBalance (116)[0m
[32meth_getBalance (117)[0m
[32meth_getBalance (118)[0m
[32meth_getBalance (119)[0m
[32meth_getBalance (120)[0m
[32meth_getBalance (121)[0m
[32meth_getBalance (122)[0m
[32meth_getBalance (123)[0m
[32meth_getBalance (124)[0m
[32meth_getBalance (125)[0m
[32meth_getBalance (126)[0m
[32meth_getBalance (127)[0m
[32meth_getBalance (128)[0m
[32meth_getBalance (129)[0m
[32meth_getBalance (130)[0m
[32meth_getBalance (131)[0m
[32meth_getBalance (132)[0m
[32meth_getBalance (133)[0m
[32meth_getBalance (134)[0m
[32meth_getBalance (135)[0m
[32meth_getBalance (136)[0m
[32meth_call[0m
  Contract call:       CrowdFund#projectCounter
  From:                0xf39fd6e51aad88f6f4ce6ab8827279cfffb92266
  To:                  0x5fbdb2315678afecb367f032d93f642f64180aa3

[32meth_call[0m
  Contract call:       CrowdFund#projects
  From:                0xf39fd6e51aad88f6f4ce6ab8827279cfffb92266
  To:                  0x5fbdb2315678afecb367f032d93f642f64180aa3

[32meth_call[0m
  Contract call:       CrowdFund#projects
  From:                0xf39fd6e51aad88f6f4ce6ab8827279cfffb92266
  To:                  0x5fbdb2315678afecb367f032d93f642f64180aa3

[32meth_call[0m
  Contract call:       CrowdFund#getContributionAmount
  From:                0xf39fd6e51aad88f6f4ce6ab8827279cfffb92266
  To:                  0x5fbdb2315678afecb367f032d93f642f64180aa3

[32meth_call[0m
  Contract call:       CrowdFund#getContributionAmount
  From:                0xf39fd6e51aad88f6f4ce6ab8827279cfffb92266
  To:                  0x5fbdb2315678afecb367f032d93f642f64180aa3

[32meth_blockNumber[0m
[32meth_call[0m
  Contract call:       CrowdFund#getProjectMilestones
  From:                0xf39fd6e51aad88f6f4ce6ab8827279cfffb92266
  To:                  0x5fbdb2315678afecb367f032d93f642f64180aa3

[32meth_call[0m
  Contract call:       CrowdFund#getProjectMilestones
  From:                0xf39fd6e51aad88f6f4ce6ab8827279cfffb92266
  To:                  0x5fbdb2315678afecb367f032d93f642f64180aa3

[32meth_getTransactionReceipt[0m
[32meth_getBlockByHash[0m
[31meth_call[0m
  Contract call:       CrowdFund#<unrecognized-selector>
  From:                0xf39fd6e51aad88f6f4ce6ab8827279cfffb92266
  To:                  0x5fbdb2315678afecb367f032d93f642f64180aa3

  Error: Transaction reverted without a reason

[31meth_call[0m
  Contract call:       CrowdFund#<unrecognized-selector>
  From:                0xf39fd6e51aad88f6f4ce6ab8827279cfffb92266
  To:                  0x5fbdb2315678afecb367f032d93f642f64180aa3

  Error: Transaction reverted without a reason

[31meth_call[0m
  Contract call:       CrowdFund#<unrecognized-selector>
  From:                0xf39fd6e51aad88f6f4ce6ab8827279cfffb92266
  To:                  0x5fbdb2315678afecb367f032d93f642f64180aa3

  Error: Transaction reverted without a reason

[31meth_call[0m
  Contract call:       CrowdFund#<unrecognized-selector>
  From:                0xf39fd6e51aad88f6f4ce6ab8827279cfffb92266
  To:                  0x5fbdb2315678afecb367f032d93f642f64180aa3

  Error: Transaction reverted without a reason

[32meth_gasPrice[0m
[32meth_call[0m
  Contract call:       CrowdFund#projectCounter
  From:                0x70997970c51812dc3a010c7d01b50e0d17dc79c8
  To:                  0x5fbdb2315678afecb367f032d93f642f64180aa3

[32meth_call[0m
  Contract call:       CrowdFund#getContributionAmount
  From:                0xf39fd6e51aad88f6f4ce6ab8827279cfffb92266
  To:                  0x5fbdb2315678afecb367f032d93f642f64180aa3

[32meth_call[0m
  Contract call:       CrowdFund#projects
  From:                0x70997970c51812dc3a010c7d01b50e0d17dc79c8
  To:                  0x5fbdb2315678afecb367f032d93f642f64180aa3

[32meth_call[0m
  Contract call:       CrowdFund#getContributionAmount
  From:                0xf39fd6e51aad88f6f4ce6ab8827279cfffb92266
  To:                  0x5fbdb2315678afecb367f032d93f642f64180aa3

[32meth_call[0m
  Contract call:       CrowdFund#projects
  From:                0x70997970c51812dc3a010c7d01b50e0d17dc79c8
  To:                  0x5fbdb2315678afecb367f032d93f642f64180aa3

[32meth_call[0m
  Contract call:       CrowdFund#getContributionAmount
  From:                0x70997970c51812dc3a010c7d01b50e0d17dc79c8
  To:                  0x5fbdb2315678afecb367f032d93f642f64180aa3

[32meth_call[0m
  Contract call:       CrowdFund#getContributionAmount
  From:                0x70997970c51812dc3a010c7d01b50e0d17dc79c8
  To:                  0x5fbdb2315678afecb367f032d93f642f64180aa3

[32meth_call[0m
  Contract call:       CrowdFund#getProjectMilestones
  From:                0x70997970c51812dc3a010c7d01b50e0d17dc79c8
  To:                  0x5fbdb2315678afecb367f032d93f642f64180aa3

[32meth_call[0m
  Contract call:       CrowdFund#getProjectMilestones
  From:                0x70997970c51812dc3a010c7d01b50e0d17dc79c8
  To:                  0x5fbdb2315678afecb367f032d93f642f64180aa3

[32meth_blockNumber[0m
[32meth_estimateGas[0m
[32meth_getCode[0m
[32meth_getCode (2)[0m
[31meth_call[0m
  Contract call:       CrowdFund#<unrecognized-selector>
  From:                0xf39fd6e51aad88f6f4ce6ab8827279cfffb92266
  To:                  0x5fbdb2315678afecb367f032d93f642f64180aa3

  Error: Transaction reverted without a reason

[31meth_call[0m
  Contract call:       CrowdFund#<unrecognized-selector>
  From:                0xf39fd6e51aad88f6f4ce6ab8827279cfffb92266
  To:                  0x5fbdb2315678afecb367f032d93f642f64180aa3

  Error: Transaction reverted without a reason

[31meth_call[0m
  Contract call:       CrowdFund#<unrecognized-selector>
  From:                0xf39fd6e51aad88f6f4ce6ab8827279cfffb92266
  To:                  0x5fbdb2315678afecb367f032d93f642f64180aa3

  Error: Transaction reverted without a reason

[31meth_call[0m
  Contract call:       CrowdFund#<unrecognized-selector>
  From:                0xf39fd6e51aad88f6f4ce6ab8827279cfffb92266
  To:                  0x5fbdb2315678afecb367f032d93f642f64180aa3

  Error: Transaction reverted without a reason

[31meth_call[0m
  Contract call:       CrowdFund#<unrecognized-selector>
  From:                0xf39fd6e51aad88f6f4ce6ab8827279cfffb92266
  To:                  0x5fbdb2315678afecb367f032d93f642f64180aa3

  Error: Transaction reverted without a reason

[31meth_call[0m
  Contract call:       CrowdFund#<unrecognized-selector>
  From:                0xf39fd6e51aad88f6f4ce6ab8827279cfffb92266
  To:                  0x5fbdb2315678afecb367f032d93f642f64180aa3

  Error: Transaction reverted without a reason

[31meth_call[0m
  Contract call:       CrowdFund#<unrecognized-selector>
  From:                0xf39fd6e51aad88f6f4ce6ab8827279cfffb92266
  To:                  0x5fbdb2315678afecb367f032d93f642f64180aa3

  Error: Transaction reverted without a reason

[31meth_call[0m
  Contract call:       CrowdFund#<unrecognized-selector>
  From:                0xf39fd6e51aad88f6f4ce6ab8827279cfffb92266
  To:                  0x5fbdb2315678afecb367f032d93f642f64180aa3

  Error: Transaction reverted without a reason

[31meth_call[0m
  Contract call:       CrowdFund#<unrecognized-selector>
  From:                0xf39fd6e51aad88f6f4ce6ab8827279cfffb92266
  To:                  0x5fbdb2315678afecb367f032d93f642f64180aa3

  Error: Transaction reverted without a reason

[32meth_getTransactionCount[0m
[32meth_sendRawTransaction[0m
  Contract call:       CrowdFund#voteOnMilestone
  Transaction:         0x51dd4e32f96333601f48d6a6469d0ce9944a02e694c9780b12bb0bc86056a9c5
  From:                0x70997970c51812dc3a010c7d01b50e0d17dc79c8
  To:                  0x5fbdb2315678afecb367f032d93f642f64180aa3
  Value:               0 ETH
  Gas used:            76826 of 76826
  Block #17:           0x0bb5ec5ffa3bf53f16377c8d9134e17da8dcd79bfec092fe02dfb4756603eda2

[31meth_call[0m
  Contract call:       CrowdFund#<unrecognized-selector>
  From:                0xf39fd6e51aad88f6f4ce6ab8827279cfffb92266
  To:                  0x5fbdb2315678afecb367f032d93f642f64180aa3

  Error: Transaction reverted without a reason

[32meth_getTransactionReceipt[0m
[31meth_call[0m
  Contract call:       CrowdFund#<unrecognized-selector>
  From:                0xf39fd6e51aad88f6f4ce6ab8827279cfffb92266
  To:                  0x5fbdb2315678afecb367f032d93f642f64180aa3

  Error: Transaction reverted without a reason

[32meth_blockNumber[0m
[31meth_call[0m
  Contract call:       CrowdFund#<unrecognized-selector>
  From:                0xf39fd6e51aad88f6f4ce6ab8827279cfffb92266
  To:                  0x5fbdb2315678afecb367f032d93f642f64180aa3

  Error: Transaction reverted without a reason

[31meth_call[0m
  Contract call:       CrowdFund#<unrecognized-selector>
  From:                0xf39fd6e51aad88f6f4ce6ab8827279cfffb92266
  To:                  0x5fbdb2315678afecb367f032d93f642f64180aa3

  Error: Transaction reverted without a reason

[32meth_getBlockByNumber[0m
[32meth_getLogs[0m
[32meth_getLogs (2)[0m
[32meth_getLogs (3)[0m
[32meth_getLogs (4)[0m
[32meth_getLogs (5)[0m
[32meth_getLogs (6)[0m
[32meth_getLogs (7)[0m
[32meth_getLogs (8)[0m
[32meth_getLogs (9)[0m
[31meth_call[0m
  Contract call:       CrowdFund#<unrecognized-selector>
  From:                0xf39fd6e51aad88f6f4ce6ab8827279cfffb92266
  To:                  0x5fbdb2315678afecb367f032d93f642f64180aa3

  Error: Transaction reverted without a reason

[31meth_call[0m
  Contract call:       CrowdFund#<unrecognized-selector>
  From:                0xf39fd6e51aad88f6f4ce6ab8827279cfffb92266
  To:                  0x5fbdb2315678afecb367f032d93f642f64180aa3

  Error: Transaction reverted without a reason

[32meth_getBalance[0m
[32meth_getBalance (2)[0m
[32meth_getBalance (3)[0m
[32meth_getBalance (4)[0m
[32meth_getBalance (5)[0m
[32meth_getBalance (6)[0m
[32meth_getBalance (7)[0m
[32meth_getBalance (8)[0m
[32meth_getBalance (9)[0m
[32meth_getBalance (10)[0m
[32meth_getBalance (11)[0m
[32meth_getBalance (12)[0m
[32meth_getBalance (13)[0m
[32meth_getBalance (14)[0m
[32meth_getBalance (15)[0m
[32meth_getBalance (16)[0m
[32meth_getBalance (17)[0m
[32meth_getBalance (18)[0m
[32meth_getBalance (19)[0m
[32meth_getBalance (20)[0m
[32meth_getBalance (21)[0m
[32meth_getBalance (22)[0m
[32meth_getBalance (23)[0m
[32meth_getBalance (24)[0m
[32meth_getBalance (25)[0m
[32meth_getBalance (26)[0m
[32meth_getBalance (27)[0m
[32meth_getBalance (28)[0m
[32meth_getBalance (29)[0m
[32meth_getBalance (30)[0m
[32meth_getBalance (31)[0m
[32meth_getBalance (32)[0m
[32meth_getBalance (33)[0m
[32meth_getBalance (34)[0m
[32meth_getBalance (35)[0m
[32meth_getBalance (36)[0m
[32meth_getBalance (37)[0m
[32meth_getBalance (38)[0m
[32meth_getBalance (39)[0m
[32meth_getBalance (40)[0m
[32meth_getBalance (41)[0m
[32meth_getBalance (42)[0m
[32meth_getBalance (43)[0m
[32meth_getBalance (44)[0m
[32meth_getBalance (45)[0m
[32meth_getBalance (46)[0m
[32meth_getBalance (47)[0m
[32meth_getBalance (48)[0m
[32meth_getBalance (49)[0m
[32meth_getBalance (50)[0m
[32meth_getBalance (51)[0m
[32meth_getBalance (52)[0m
[32meth_getBalance (53)[0m
[32meth_getBalance (54)[0m
[32meth_getBalance (55)[0m
[32meth_getBalance (56)[0m
[32meth_getBalance (57)[0m
[32meth_getBalance (58)[0m
[32meth_getBalance (59)[0m
[32meth_getBalance (60)[0m
[32meth_getBalance (61)[0m
[32meth_getBalance (62)[0m
[32meth_getBalance (63)[0m
[32meth_getBalance (64)[0m
[32meth_getBalance (65)[0m
[32meth_getBalance (66)[0m
[32meth_getBalance (67)[0m
[32meth_getBalance (68)[0m
[32meth_getBalance (69)[0m
[32meth_getBalance (70)[0m
[32meth_getBalance (71)[0m
[32meth_getBalance (72)[0m
[32meth_getBalance (73)[0m
[32meth_getBalance (74)[0m
[32meth_getBalance (75)[0m
[32meth_getBalance (76)[0m
[32meth_getBalance (77)[0m
[32meth_getBalance (78)[0m
[32meth_getBalance (79)[0m
[32meth_getBalance (80)[0m
[32meth_getBalance (81)[0m
[32meth_getBalance (82)[0m
[32meth_getBalance (83)[0m
[32meth_getBalance (84)[0m
[32meth_getBalance (85)[0m
[32meth_getBalance (86)[0m
[32meth_getBalance (87)[0m
[32meth_getBalance (88)[0m
[32meth_getBalance (89)[0m
[32meth_getBalance (90)[0m
[32meth_getBalance (91)[0m
[32meth_getBalance (92)[0m
[32meth_getBalance (93)[0m
[32meth_getBalance (94)[0m
[32meth_getBalance (95)[0m
[32meth_getBalance (96)[0m
[32meth_getBalance (97)[0m
[32meth_getBalance (98)[0m
[32meth_getBalance (99)[0m
[32meth_getBalance (100)[0m
[32meth_getBalance (101)[0m
[32meth_getBalance (102)[0m
[32meth_getBalance (103)[0m
[32meth_getBalance (104)[0m
[32meth_getBalance (105)[0m
[32meth_getBalance (106)[0m
[32meth_getBalance (107)[0m
[32meth_getBalance (108)[0m
[32meth_getBalance (109)[0m
[32meth_getBalance (110)[0m
[32meth_getBalance (111)[0m
[32meth_getBalance (112)[0m
[32meth_getBalance (113)[0m
[32meth_getBalance (114)[0m
[32meth_getBalance (115)[0m
[32meth_getBalance (116)[0m
[32meth_getBalance (117)[0m
[32meth_getBalance (118)[0m
[32meth_getBalance (119)[0m
[32meth_getBalance (120)[0m
[32meth_getBalance (121)[0m
[32meth_getBalance (122)[0m
[32meth_getBalance (123)[0m
[32meth_getBalance (124)[0m
[32meth_getBalance (125)[0m
[32meth_getBalance (126)[0m
[32meth_getBalance (127)[0m
[32meth_getBalance (128)[0m
[32meth_getBalance (129)[0m
[32meth_getBalance (130)[0m
[32meth_getBalance (131)[0m
[32meth_getBalance (132)[0m
[32meth_getBalance (133)[0m
[32meth_getBalance (134)[0m
[32meth_getBalance (135)[0m
[32meth_getBalance (136)[0m
[32meth_call[0m
  Contract call:       CrowdFund#projectCounter
  From:                0x70997970c51812dc3a010c7d01b50e0d17dc79c8
  To:                  0x5fbdb2315678afecb367f032d93f642f64180aa3

[32meth_call[0m
  Contract call:       CrowdFund#projects
  From:                0x70997970c51812dc3a010c7d01b50e0d17dc79c8
  To:                  0x5fbdb2315678afecb367f032d93f642f64180aa3

[32meth_call[0m
  Contract call:       CrowdFund#projects
  From:                0x70997970c51812dc3a010c7d01b50e0d17dc79c8
  To:                  0x5fbdb2315678afecb367f032d93f642f64180aa3

[32meth_call[0m
  Contract call:       CrowdFund#getContributionAmount
  From:                0x70997970c51812dc3a010c7d01b50e0d17dc79c8
  To:                  0x5fbdb2315678afecb367f032d93f642f64180aa3

[32meth_call[0m
  Contract call:       CrowdFund#getContributionAmount
  From:                0x70997970c51812dc3a010c7d01b50e0d17dc79c8
  To:                  0x5fbdb2315678afecb367f032d93f642f64180aa3

[32meth_blockNumber[0m
[32meth_call[0m
  Contract call:       CrowdFund#getProjectMilestones
  From:                0x70997970c51812dc3a010c7d01b50e0d17dc79c8
  To:                  0x5fbdb2315678afecb367f032d93f642f64180aa3

[32meth_call[0m
  Contract call:       CrowdFund#getProjectMilestones
  From:                0x70997970c51812dc3a010c7d01b50e0d17dc79c8
  To:                  0x5fbdb2315678afecb367f032d93f642f64180aa3

[31meth_call[0m
  Contract call:       CrowdFund#<unrecognized-selector>
  From:                0xf39fd6e51aad88f6f4ce6ab8827279cfffb92266
  To:                  0x5fbdb2315678afecb367f032d93f642f64180aa3

  Error: Transaction reverted without a reason

[31meth_call[0m
  Contract call:       CrowdFund#<unrecognized-selector>
  From:                0xf39fd6e51aad88f6f4ce6ab8827279cfffb92266
  To:                  0x5fbdb2315678afecb367f032d93f642f64180aa3

  Error: Transaction reverted without a reason

[31meth_call[0m
  Contract call:       CrowdFund#<unrecognized-selector>
  From:                0xf39fd6e51aad88f6f4ce6ab8827279cfffb92266
  To:                  0x5fbdb2315678afecb367f032d93f642f64180aa3

  Error: Transaction reverted without a reason

[31meth_call[0m
  Contract call:       CrowdFund#<unrecognized-selector>
  From:                0xf39fd6e51aad88f6f4ce6ab8827279cfffb92266
  To:                  0x5fbdb2315678afecb367f032d93f642f64180aa3

  Error: Transaction reverted without a reason

[32meth_gasPrice[0m
[32meth_call[0m
  Contract call:       CrowdFund#projectCounter
  From:                0x3c44cdddb6a900fa2b585dd299e03d12fa4293bc
  To:                  0x5fbdb2315678afecb367f032d93f642f64180aa3

[32meth_call[0m
  Contract call:       CrowdFund#getContributionAmount
  From:                0x70997970c51812dc3a010c7d01b50e0d17dc79c8
  To:                  0x5fbdb2315678afecb367f032d93f642f64180aa3

[32meth_call[0m
  Contract call:       CrowdFund#projects
  From:                0x3c44cdddb6a900fa2b585dd299e03d12fa4293bc
  To:                  0x5fbdb2315678afecb367f032d93f642f64180aa3

[32meth_call[0m
  Contract call:       CrowdFund#getContributionAmount
  From:                0x70997970c51812dc3a010c7d01b50e0d17dc79c8
  To:                  0x5fbdb2315678afecb367f032d93f642f64180aa3

[32meth_call[0m
  Contract call:       CrowdFund#projects
  From:                0x3c44cdddb6a900fa2b585dd299e03d12fa4293bc
  To:                  0x5fbdb2315678afecb367f032d93f642f64180aa3

[32meth_call[0m
  Contract call:       CrowdFund#getContributionAmount
  From:                0x3c44cdddb6a900fa2b585dd299e03d12fa4293bc
  To:                  0x5fbdb2315678afecb367f032d93f642f64180aa3

[32meth_call[0m
  Contract call:       CrowdFund#getProjectMilestones
  From:                0x3c44cdddb6a900fa2b585dd299e03d12fa4293bc
  To:                  0x5fbdb2315678afecb367f032d93f642f64180aa3

[32meth_call[0m
  Contract call:       CrowdFund#getProjectMilestones
  From:                0x3c44cdddb6a900fa2b585dd299e03d12fa4293bc
  To:                  0x5fbdb2315678afecb367f032d93f642f64180aa3

[32meth_call[0m
  Contract call:       CrowdFund#getContributionAmount
  From:                0x3c44cdddb6a900fa2b585dd299e03d12fa4293bc
  To:                  0x5fbdb2315678afecb367f032d93f642f64180aa3

[32meth_blockNumber[0m
[32meth_estimateGas[0m
[32meth_getCode[0m
[32meth_getCode (2)[0m
[31meth_call[0m
  Contract call:       CrowdFund#<unrecognized-selector>
  From:                0xf39fd6e51aad88f6f4ce6ab8827279cfffb92266
  To:                  0x5fbdb2315678afecb367f032d93f642f64180aa3

  Error: Transaction reverted without a reason

[31meth_call[0m
  Contract call:       CrowdFund#<unrecognized-selector>
  From:                0xf39fd6e51aad88f6f4ce6ab8827279cfffb92266
  To:                  0x5fbdb2315678afecb367f032d93f642f64180aa3

  Error: Transaction reverted without a reason

[31meth_call[0m
  Contract call:       CrowdFund#<unrecognized-selector>
  From:                0xf39fd6e51aad88f6f4ce6ab8827279cfffb92266
  To:                  0x5fbdb2315678afecb367f032d93f642f64180aa3

  Error: Transaction reverted without a reason

[31meth_call[0m
  Contract call:       CrowdFund#<unrecognized-selector>
  From:                0xf39fd6e51aad88f6f4ce6ab8827279cfffb92266
  To:                  0x5fbdb2315678afecb367f032d93f642f64180aa3

  Error: Transaction reverted without a reason

[31meth_call[0m
  Contract call:       CrowdFund#<unrecognized-selector>
  From:                0xf39fd6e51aad88f6f4ce6ab8827279cfffb92266
  To:                  0x5fbdb2315678afecb367f032d93f642f64180aa3

  Error: Transaction reverted without a reason

[31meth_call[0m
  Contract call:       CrowdFund#<unrecognized-selector>
  From:                0xf39fd6e51aad88f6f4ce6ab8827279cfffb92266
  To:                  0x5fbdb2315678afecb367f032d93f642f64180aa3

  Error: Transaction reverted without a reason

[31meth_call[0m
  Contract call:       CrowdFund#<unrecognized-selector>
  From:                0xf39fd6e51aad88f6f4ce6ab8827279cfffb92266
  To:                  0x5fbdb2315678afecb367f032d93f642f64180aa3

  Error: Transaction reverted without a reason

[31meth_call[0m
  Contract call:       CrowdFund#<unrecognized-selector>
  From:                0xf39fd6e51aad88f6f4ce6ab8827279cfffb92266
  To:                  0x5fbdb2315678afecb367f032d93f642f64180aa3

  Error: Transaction reverted without a reason

[31meth_call[0m
  Contract call:       CrowdFund#<unrecognized-selector>
  From:                0xf39fd6e51aad88f6f4ce6ab8827279cfffb92266
  To:                  0x5fbdb2315678afecb367f032d93f642f64180aa3

  Error: Transaction reverted without a reason

[32meth_getTransactionCount[0m
[32meth_sendRawTransaction[0m
  Contract call:       CrowdFund#voteOnMilestone
  Transaction:         0xacbf638c890860c3007b81488c21cf3dd90a8d6116b131a351aab27479d2523f
  From:                0x3c44cdddb6a900fa2b585dd299e03d12fa4293bc
  To:                  0x5fbdb2315678afecb367f032d93f642f64180aa3
  Value:               0 ETH
  Gas used:            76804 of 76804
  Block #18:           0x1106b17042e482b5eaa7fb0fed449b955dbeb2fe255a64c8f4505d3aa35aab37

[31meth_call[0m
  Contract call:       CrowdFund#<unrecognized-selector>
  From:                0xf39fd6e51aad88f6f4ce6ab8827279cfffb92266
  To:                  0x5fbdb2315678afecb367f032d93f642f64180aa3

  Error: Transaction reverted without a reason

[32meth_getTransactionReceipt[0m
[31meth_call[0m
  Contract call:       CrowdFund#<unrecognized-selector>
  From:                0xf39fd6e51aad88f6f4ce6ab8827279cfffb92266
  To:                  0x5fbdb2315678afecb367f032d93f642f64180aa3

  Error: Transaction reverted without a reason

[32meth_blockNumber[0m
[31meth_call[0m
  Contract call:       CrowdFund#<unrecognized-selector>
  From:                0xf39fd6e51aad88f6f4ce6ab8827279cfffb92266
  To:                  0x5fbdb2315678afecb367f032d93f642f64180aa3

  Error: Transaction reverted without a reason

[31meth_call[0m
  Contract call:       CrowdFund#<unrecognized-selector>
  From:                0xf39fd6e51aad88f6f4ce6ab8827279cfffb92266
  To:                  0x5fbdb2315678afecb367f032d93f642f64180aa3

  Error: Transaction reverted without a reason

[32meth_getBlockByNumber[0m
[32meth_getLogs[0m
[32meth_getLogs (2)[0m
[32meth_getLogs (3)[0m
[32meth_getLogs (4)[0m
[32meth_getLogs (5)[0m
[32meth_getLogs (6)[0m
[32meth_getLogs (7)[0m
[32meth_getLogs (8)[0m
[32meth_getLogs (9)[0m
[32meth_getBalance[0m
[32meth_getBalance (2)[0m
[32meth_getBalance (3)[0m
[32meth_getBalance (4)[0m
[32meth_getBalance (5)[0m
[32meth_getBalance (6)[0m
[32meth_getBalance (7)[0m
[32meth_getBalance (8)[0m
[32meth_getBalance (9)[0m
[32meth_getBalance (10)[0m
[32meth_getBalance (11)[0m
[32meth_getBalance (12)[0m
[32meth_getBalance (13)[0m
[32meth_getBalance (14)[0m
[32meth_getBalance (15)[0m
[32meth_getBalance (16)[0m
[32meth_getBalance (17)[0m
[32meth_getBalance (18)[0m
[32meth_getBalance (19)[0m
[32meth_getBalance (20)[0m
[32meth_getBalance (21)[0m
[32meth_getBalance (22)[0m
[32meth_getBalance (23)[0m
[32meth_getBalance (24)[0m
[32meth_getBalance (25)[0m
[32meth_getBalance (26)[0m
[32meth_getBalance (27)[0m
[32meth_getBalance (28)[0m
[32meth_getBalance (29)[0m
[32meth_getBalance (30)[0m
[32meth_getBalance (31)[0m
[32meth_getBalance (32)[0m
[32meth_getBalance (33)[0m
[32meth_getBalance (34)[0m
[32meth_getBalance (35)[0m
[32meth_getBalance (36)[0m
[32meth_getBalance (37)[0m
[32meth_getBalance (38)[0m
[32meth_getBalance (39)[0m
[32meth_getBalance (40)[0m
[32meth_getBalance (41)[0m
[32meth_getBalance (42)[0m
[32meth_getBalance (43)[0m
[32meth_getBalance (44)[0m
[32meth_getBalance (45)[0m
[32meth_getBalance (46)[0m
[32meth_getBalance (47)[0m
[32meth_getBalance (48)[0m
[32meth_getBalance (49)[0m
[32meth_getBalance (50)[0m
[32meth_getBalance (51)[0m
[32meth_getBalance (52)[0m
[32meth_getBalance (53)[0m
[32meth_getBalance (54)[0m
[32meth_getBalance (55)[0m
[32meth_getBalance (56)[0m
[32meth_getBalance (57)[0m
[32meth_getBalance (58)[0m
[32meth_getBalance (59)[0m
[32meth_getBalance (60)[0m
[32meth_getBalance (61)[0m
[32meth_getBalance (62)[0m
[32meth_getBalance (63)[0m
[32meth_getBalance (64)[0m
[32meth_getBalance (65)[0m
[32meth_getBalance (66)[0m
[32meth_getBalance (67)[0m
[32meth_getBalance (68)[0m
[32meth_getBalance (69)[0m
[32meth_getBalance (70)[0m
[32meth_getBalance (71)[0m
[32meth_getBalance (72)[0m
[32meth_getBalance (73)[0m
[32meth_getBalance (74)[0m
[32meth_getBalance (75)[0m
[32meth_getBalance (76)[0m
[32meth_getBalance (77)[0m
[32meth_getBalance (78)[0m
[32meth_getBalance (79)[0m
[32meth_getBalance (80)[0m
[32meth_getBalance (81)[0m
[32meth_getBalance (82)[0m
[32meth_getBalance (83)[0m
[32meth_getBalance (84)[0m
[32meth_getBalance (85)[0m
[32meth_getBalance (86)[0m
[32meth_getBalance (87)[0m
[32meth_getBalance (88)[0m
[32meth_getBalance (89)[0m
[32meth_getBalance (90)[0m
[32meth_getBalance (91)[0m
[32meth_getBalance (92)[0m
[32meth_getBalance (93)[0m
[32meth_getBalance (94)[0m
[32meth_getBalance (95)[0m
[32meth_getBalance (96)[0m
[32meth_getBalance (97)[0m
[32meth_getBalance (98)[0m
[32meth_getBalance (99)[0m
[32meth_getBalance (100)[0m
[32meth_getBalance (101)[0m
[32meth_getBalance (102)[0m
[32meth_getBalance (103)[0m
[32meth_getBalance (104)[0m
[32meth_getBalance (105)[0m
[32meth_getBalance (106)[0m
[32meth_getBalance (107)[0m
[32meth_getBalance (108)[0m
[32meth_getBalance (109)[0m
[32meth_getBalance (110)[0m
[32meth_getBalance (111)[0m
[32meth_getBalance (112)[0m
[32meth_getBalance (113)[0m
[32meth_getBalance (114)[0m
[32meth_getBalance (115)[0m
[32meth_getBalance (116)[0m
[32meth_getBalance (117)[0m
[32meth_getBalance (118)[0m
[32meth_getBalance (119)[0m
[32meth_getBalance (120)[0m
[32meth_getBalance (121)[0m
[32meth_getBalance (122)[0m
[32meth_getBalance (123)[0m
[32meth_getBalance (124)[0m
[32meth_getBalance (125)[0m
[32meth_getBalance (126)[0m
[32meth_getBalance (127)[0m
[32meth_getBalance (128)[0m
[32meth_getBalance (129)[0m
[32meth_getBalance (130)[0m
[32meth_getBalance (131)[0m
[32meth_getBalance (132)[0m
[32meth_getBalance (133)[0m
[32meth_getBalance (134)[0m
[32meth_getBalance (135)[0m
[32meth_getBalance (136)[0m
[32meth_call[0m
  Contract call:       CrowdFund#projectCounter
  From:                0x3c44cdddb6a900fa2b585dd299e03d12fa4293bc
  To:                  0x5fbdb2315678afecb367f032d93f642f64180aa3

[32meth_call[0m
  Contract call:       CrowdFund#projects
  From:                0x3c44cdddb6a900fa2b585dd299e03d12fa4293bc
  To:                  0x5fbdb2315678afecb367f032d93f642f64180aa3

[32meth_call[0m
  Contract call:       CrowdFund#projects
  From:                0x3c44cdddb6a900fa2b585dd299e03d12fa4293bc
  To:                  0x5fbdb2315678afecb367f032d93f642f64180aa3

[32meth_call[0m
  Contract call:       CrowdFund#getContributionAmount
  From:                0x3c44cdddb6a900fa2b585dd299e03d12fa4293bc
  To:                  0x5fbdb2315678afecb367f032d93f642f64180aa3

[32meth_call[0m
  Contract call:       CrowdFund#getContributionAmount
  From:                0x3c44cdddb6a900fa2b585dd299e03d12fa4293bc
  To:                  0x5fbdb2315678afecb367f032d93f642f64180aa3

[32meth_blockNumber[0m
[32meth_call[0m
  Contract call:       CrowdFund#getProjectMilestones
  From:                0x3c44cdddb6a900fa2b585dd299e03d12fa4293bc
  To:                  0x5fbdb2315678afecb367f032d93f642f64180aa3

[32meth_call[0m
  Contract call:       CrowdFund#getProjectMilestones
  From:                0x3c44cdddb6a900fa2b585dd299e03d12fa4293bc
  To:                  0x5fbdb2315678afecb367f032d93f642f64180aa3

[31meth_call[0m
  Contract call:       CrowdFund#<unrecognized-selector>
  From:                0xf39fd6e51aad88f6f4ce6ab8827279cfffb92266
  To:                  0x5fbdb2315678afecb367f032d93f642f64180aa3

  Error: Transaction reverted without a reason

[31meth_call[0m
  Contract call:       CrowdFund#<unrecognized-selector>
  From:                0xf39fd6e51aad88f6f4ce6ab8827279cfffb92266
  To:                  0x5fbdb2315678afecb367f032d93f642f64180aa3

  Error: Transaction reverted without a reason

[31meth_call[0m
  Contract call:       CrowdFund#<unrecognized-selector>
  From:                0xf39fd6e51aad88f6f4ce6ab8827279cfffb92266
  To:                  0x5fbdb2315678afecb367f032d93f642f64180aa3

  Error: Transaction reverted without a reason

[31meth_call[0m
  Contract call:       CrowdFund#<unrecognized-selector>
  From:                0xf39fd6e51aad88f6f4ce6ab8827279cfffb92266
  To:                  0x5fbdb2315678afecb367f032d93f642f64180aa3

  Error: Transaction reverted without a reason

[32meth_gasPrice[0m
[32meth_call[0m
  Contract call:       CrowdFund#projectCounter
  From:                0x90f79bf6eb2c4f870365e785982e1f101e93b906
  To:                  0x5fbdb2315678afecb367f032d93f642f64180aa3

[32meth_call[0m
  Contract call:       CrowdFund#getContributionAmount
  From:                0x3c44cdddb6a900fa2b585dd299e03d12fa4293bc
  To:                  0x5fbdb2315678afecb367f032d93f642f64180aa3

[32meth_call[0m
  Contract call:       CrowdFund#projects
  From:                0x90f79bf6eb2c4f870365e785982e1f101e93b906
  To:                  0x5fbdb2315678afecb367f032d93f642f64180aa3

[32meth_call[0m
  Contract call:       CrowdFund#getContributionAmount
  From:                0x3c44cdddb6a900fa2b585dd299e03d12fa4293bc
  To:                  0x5fbdb2315678afecb367f032d93f642f64180aa3

[32meth_call[0m
  Contract call:       CrowdFund#projects
  From:                0x90f79bf6eb2c4f870365e785982e1f101e93b906
  To:                  0x5fbdb2315678afecb367f032d93f642f64180aa3

[32meth_call[0m
  Contract call:       CrowdFund#getContributionAmount
  From:                0x90f79bf6eb2c4f870365e785982e1f101e93b906
  To:                  0x5fbdb2315678afecb367f032d93f642f64180aa3

[32meth_call[0m
  Contract call:       CrowdFund#getProjectMilestones
  From:                0x90f79bf6eb2c4f870365e785982e1f101e93b906
  To:                  0x5fbdb2315678afecb367f032d93f642f64180aa3

[32meth_call[0m
  Contract call:       CrowdFund#getProjectMilestones
  From:                0x90f79bf6eb2c4f870365e785982e1f101e93b906
  To:                  0x5fbdb2315678afecb367f032d93f642f64180aa3

[32meth_call[0m
  Contract call:       CrowdFund#getContributionAmount
  From:                0x90f79bf6eb2c4f870365e785982e1f101e93b906
  To:                  0x5fbdb2315678afecb367f032d93f642f64180aa3

[32meth_estimateGas[0m
[32meth_getCode[0m
[32meth_getCode (2)[0m
[31meth_call[0m
  Contract call:       CrowdFund#<unrecognized-selector>
  From:                0xf39fd6e51aad88f6f4ce6ab8827279cfffb92266
  To:                  0x5fbdb2315678afecb367f032d93f642f64180aa3

  Error: Transaction reverted without a reason

[31meth_call[0m
  Contract call:       CrowdFund#<unrecognized-selector>
  From:                0xf39fd6e51aad88f6f4ce6ab8827279cfffb92266
  To:                  0x5fbdb2315678afecb367f032d93f642f64180aa3

  Error: Transaction reverted without a reason

[31meth_call[0m
  Contract call:       CrowdFund#<unrecognized-selector>
  From:                0xf39fd6e51aad88f6f4ce6ab8827279cfffb92266
  To:                  0x5fbdb2315678afecb367f032d93f642f64180aa3

  Error: Transaction reverted without a reason

[31meth_call[0m
  Contract call:       CrowdFund#<unrecognized-selector>
  From:                0xf39fd6e51aad88f6f4ce6ab8827279cfffb92266
  To:                  0x5fbdb2315678afecb367f032d93f642f64180aa3

  Error: Transaction reverted without a reason

[31meth_call[0m
  Contract call:       CrowdFund#<unrecognized-selector>
  From:                0xf39fd6e51aad88f6f4ce6ab8827279cfffb92266
  To:                  0x5fbdb2315678afecb367f032d93f642f64180aa3

  Error: Transaction reverted without a reason

[31meth_call[0m
  Contract call:       CrowdFund#<unrecognized-selector>
  From:                0xf39fd6e51aad88f6f4ce6ab8827279cfffb92266
  To:                  0x5fbdb2315678afecb367f032d93f642f64180aa3

  Error: Transaction reverted without a reason

[31meth_call[0m
  Contract call:       CrowdFund#<unrecognized-selector>
  From:                0xf39fd6e51aad88f6f4ce6ab8827279cfffb92266
  To:                  0x5fbdb2315678afecb367f032d93f642f64180aa3

  Error: Transaction reverted without a reason

[31meth_call[0m
  Contract call:       CrowdFund#<unrecognized-selector>
  From:                0xf39fd6e51aad88f6f4ce6ab8827279cfffb92266
  To:                  0x5fbdb2315678afecb367f032d93f642f64180aa3

  Error: Transaction reverted without a reason

[31meth_call[0m
  Contract call:       CrowdFund#<unrecognized-selector>
  From:                0xf39fd6e51aad88f6f4ce6ab8827279cfffb92266
  To:                  0x5fbdb2315678afecb367f032d93f642f64180aa3

  Error: Transaction reverted without a reason

[32meth_blockNumber[0m
[32meth_getTransactionCount[0m
[32meth_sendRawTransaction[0m
  Contract call:       CrowdFund#voteOnMilestone
  Transaction:         0xd973989384c5f389f4af4af205610b2f47a12d0887fec6c26f636e15c6e29869
  From:                0x90f79bf6eb2c4f870365e785982e1f101e93b906
  To:                  0x5fbdb2315678afecb367f032d93f642f64180aa3
  Value:               0 ETH
  Gas used:            59726 of 59726
  Block #19:           0x807fc8a8b5d37f75e7922c9ba53aafde156ad2b9dcc0ad940e96d9dc38006bfd

[31meth_call[0m
  Contract call:       CrowdFund#<unrecognized-selector>
  From:                0xf39fd6e51aad88f6f4ce6ab8827279cfffb92266
  To:                  0x5fbdb2315678afecb367f032d93f642f64180aa3

  Error: Transaction reverted without a reason

[32meth_getTransactionReceipt[0m
[31meth_call[0m
  Contract call:       CrowdFund#<unrecognized-selector>
  From:                0xf39fd6e51aad88f6f4ce6ab8827279cfffb92266
  To:                  0x5fbdb2315678afecb367f032d93f642f64180aa3

  Error: Transaction reverted without a reason

[32meth_blockNumber[0m
[31meth_call[0m
  Contract call:       CrowdFund#<unrecognized-selector>
  From:                0xf39fd6e51aad88f6f4ce6ab8827279cfffb92266
  To:                  0x5fbdb2315678afecb367f032d93f642f64180aa3

  Error: Transaction reverted without a reason

[31meth_call[0m
  Contract call:       CrowdFund#<unrecognized-selector>
  From:                0xf39fd6e51aad88f6f4ce6ab8827279cfffb92266
  To:                  0x5fbdb2315678afecb367f032d93f642f64180aa3

  Error: Transaction reverted without a reason

[32meth_getBlockByNumber[0m
[32meth_getLogs[0m
[32meth_getLogs (2)[0m
[32meth_getLogs (3)[0m
[32meth_getLogs (4)[0m
[32meth_getLogs (5)[0m
[32meth_getLogs (6)[0m
[32meth_getLogs (7)[0m
[32meth_getLogs (8)[0m
[32meth_getLogs (9)[0m
[31meth_call[0m
  Contract call:       CrowdFund#<unrecognized-selector>
  From:                0xf39fd6e51aad88f6f4ce6ab8827279cfffb92266
  To:                  0x5fbdb2315678afecb367f032d93f642f64180aa3

  Error: Transaction reverted without a reason

[31meth_call[0m
  Contract call:       CrowdFund#<unrecognized-selector>
  From:                0xf39fd6e51aad88f6f4ce6ab8827279cfffb92266
  To:                  0x5fbdb2315678afecb367f032d93f642f64180aa3

  Error: Transaction reverted without a reason

[32meth_getBalance[0m
[32meth_getBalance (2)[0m
[32meth_getBalance (3)[0m
[32meth_getBalance (4)[0m
[32meth_getBalance (5)[0m
[32meth_getBalance (6)[0m
[32meth_getBalance (7)[0m
[32meth_getBalance (8)[0m
[32meth_getBalance (9)[0m
[32meth_getBalance (10)[0m
[32meth_getBalance (11)[0m
[32meth_getBalance (12)[0m
[32meth_getBalance (13)[0m
[32meth_getBalance (14)[0m
[32meth_getBalance (15)[0m
[32meth_getBalance (16)[0m
[32meth_getBalance (17)[0m
[32meth_getBalance (18)[0m
[32meth_getBalance (19)[0m
[32meth_getBalance (20)[0m
[32meth_getBalance (21)[0m
[32meth_getBalance (22)[0m
[32meth_getBalance (23)[0m
[32meth_getBalance (24)[0m
[32meth_getBalance (25)[0m
[32meth_getBalance (26)[0m
[32meth_getBalance (27)[0m
[32meth_getBalance (28)[0m
[32meth_getBalance (29)[0m
[32meth_getBalance (30)[0m
[32meth_getBalance (31)[0m
[32meth_getBalance (32)[0m
[32meth_getBalance (33)[0m
[32meth_getBalance (34)[0m
[32meth_getBalance (35)[0m
[32meth_getBalance (36)[0m
[32meth_getBalance (37)[0m
[32meth_getBalance (38)[0m
[32meth_getBalance (39)[0m
[32meth_getBalance (40)[0m
[32meth_getBalance (41)[0m
[32meth_getBalance (42)[0m
[32meth_getBalance (43)[0m
[32meth_getBalance (44)[0m
[32meth_getBalance (45)[0m
[32meth_getBalance (46)[0m
[32meth_getBalance (47)[0m
[32meth_getBalance (48)[0m
[32meth_getBalance (49)[0m
[32meth_getBalance (50)[0m
[32meth_getBalance (51)[0m
[32meth_getBalance (52)[0m
[32meth_getBalance (53)[0m
[32meth_getBalance (54)[0m
[32meth_getBalance (55)[0m
[32meth_getBalance (56)[0m
[32meth_getBalance (57)[0m
[32meth_getBalance (58)[0m
[32meth_getBalance (59)[0m
[32meth_getBalance (60)[0m
[32meth_getBalance (61)[0m
[32meth_getBalance (62)[0m
[32meth_getBalance (63)[0m
[32meth_getBalance (64)[0m
[32meth_getBalance (65)[0m
[32meth_getBalance (66)[0m
[32meth_getBalance (67)[0m
[32meth_getBalance (68)[0m
[32meth_getBalance (69)[0m
[32meth_getBalance (70)[0m
[32meth_getBalance (71)[0m
[32meth_getBalance (72)[0m
[32meth_getBalance (73)[0m
[32meth_getBalance (74)[0m
[32meth_getBalance (75)[0m
[32meth_getBalance (76)[0m
[32meth_getBalance (77)[0m
[32meth_getBalance (78)[0m
[32meth_getBalance (79)[0m
[32meth_getBalance (80)[0m
[32meth_getBalance (81)[0m
[32meth_getBalance (82)[0m
[32meth_getBalance (83)[0m
[32meth_getBalance (84)[0m
[32meth_getBalance (85)[0m
[32meth_getBalance (86)[0m
[32meth_getBalance (87)[0m
[32meth_getBalance (88)[0m
[32meth_getBalance (89)[0m
[32meth_getBalance (90)[0m
[32meth_getBalance (91)[0m
[32meth_getBalance (92)[0m
[32meth_getBalance (93)[0m
[32meth_getBalance (94)[0m
[32meth_getBalance (95)[0m
[32meth_getBalance (96)[0m
[32meth_getBalance (97)[0m
[32meth_getBalance (98)[0m
[32meth_getBalance (99)[0m
[32meth_getBalance (100)[0m
[32meth_getBalance (101)[0m
[32meth_getBalance (102)[0m
[32meth_getBalance (103)[0m
[32meth_getBalance (104)[0m
[32meth_getBalance (105)[0m
[32meth_getBalance (106)[0m
[32meth_getBalance (107)[0m
[32meth_getBalance (108)[0m
[32meth_getBalance (109)[0m
[32meth_getBalance (110)[0m
[32meth_getBalance (111)[0m
[32meth_getBalance (112)[0m
[32meth_getBalance (113)[0m
[32meth_getBalance (114)[0m
[32meth_getBalance (115)[0m
[32meth_getBalance (116)[0m
[32meth_getBalance (117)[0m
[32meth_getBalance (118)[0m
[32meth_getBalance (119)[0m
[32meth_getBalance (120)[0m
[32meth_getBalance (121)[0m
[32meth_getBalance (122)[0m
[32meth_getBalance (123)[0m
[32meth_getBalance (124)[0m
[32meth_getBalance (125)[0m
[32meth_getBalance (126)[0m
[32meth_getBalance (127)[0m
[32meth_getBalance (128)[0m
[32meth_getBalance (129)[0m
[32meth_getBalance (130)[0m
[32meth_getBalance (131)[0m
[32meth_getBalance (132)[0m
[32meth_getBalance (133)[0m
[32meth_getBalance (134)[0m
[32meth_getBalance (135)[0m
[32meth_getBalance (136)[0m
[32meth_call[0m
  Contract call:       CrowdFund#projectCounter
  From:                0x90f79bf6eb2c4f870365e785982e1f101e93b906
  To:                  0x5fbdb2315678afecb367f032d93f642f64180aa3

[32meth_blockNumber[0m
[32meth_call[0m
  Contract call:       CrowdFund#projects
  From:                0x90f79bf6eb2c4f870365e785982e1f101e93b906
  To:                  0x5fbdb2315678afecb367f032d93f642f64180aa3

[32meth_call[0m
  Contract call:       CrowdFund#projects
  From:                0x90f79bf6eb2c4f870365e785982e1f101e93b906
  To:                  0x5fbdb2315678afecb367f032d93f642f64180aa3

[32meth_call[0m
  Contract call:       CrowdFund#getContributionAmount
  From:                0x90f79bf6eb2c4f870365e785982e1f101e93b906
  To:                  0x5fbdb2315678afecb367f032d93f642f64180aa3

[32meth_call[0m
  Contract call:       CrowdFund#getContributionAmount
  From:                0x90f79bf6eb2c4f870365e785982e1f101e93b906
  To:                  0x5fbdb2315678afecb367f032d93f642f64180aa3

[32meth_call[0m
  Contract call:       CrowdFund#getProjectMilestones
  From:                0x90f79bf6eb2c4f870365e785982e1f101e93b906
  To:                  0x5fbdb2315678afecb367f032d93f642f64180aa3

[32meth_call[0m
  Contract call:       CrowdFund#getProjectMilestones
  From:                0x90f79bf6eb2c4f870365e785982e1f101e93b906
  To:                  0x5fbdb2315678afecb367f032d93f642f64180aa3

[31meth_call[0m
  Contract call:       CrowdFund#<unrecognized-selector>
  From:                0xf39fd6e51aad88f6f4ce6ab8827279cfffb92266
  To:                  0x5fbdb2315678afecb367f032d93f642f64180aa3

  Error: Transaction reverted without a reason

[31meth_call[0m
  Contract call:       CrowdFund#<unrecognized-selector>
  From:                0xf39fd6e51aad88f6f4ce6ab8827279cfffb92266
  To:                  0x5fbdb2315678afecb367f032d93f642f64180aa3

  Error: Transaction reverted without a reason

[31meth_call[0m
  Contract call:       CrowdFund#<unrecognized-selector>
  From:                0xf39fd6e51aad88f6f4ce6ab8827279cfffb92266
  To:                  0x5fbdb2315678afecb367f032d93f642f64180aa3

  Error: Transaction reverted without a reason

[31meth_call[0m
  Contract call:       CrowdFund#<unrecognized-selector>
  From:                0xf39fd6e51aad88f6f4ce6ab8827279cfffb92266
  To:                  0x5fbdb2315678afecb367f032d93f642f64180aa3

  Error: Transaction reverted without a reason

[31meth_estimateGas[0m
  Contract call:       CrowdFund#voteOnMilestone
  From:                0x90f79bf6eb2c4f870365e785982e1f101e93b906
  To:                  0x5fbdb2315678afecb367f032d93f642f64180aa3
  Value:               0 ETH

  Error: VM Exception while processing transaction: reverted with an unrecognized custom error (return data: 0x7c9a1cf9)

[32meth_blockNumber[0m
[32meth_gasPrice[0m
[32meth_call[0m
  Contract call:       CrowdFund#projectCounter
  From:                0xf39fd6e51aad88f6f4ce6ab8827279cfffb92266
  To:                  0x5fbdb2315678afecb367f032d93f642f64180aa3

[32meth_call[0m
  Contract call:       CrowdFund#getContributionAmount
  From:                0x90f79bf6eb2c4f870365e785982e1f101e93b906
  To:                  0x5fbdb2315678afecb367f032d93f642f64180aa3

[32meth_call[0m
  Contract call:       CrowdFund#projects
  From:                0xf39fd6e51aad88f6f4ce6ab8827279cfffb92266
  To:                  0x5fbdb2315678afecb367f032d93f642f64180aa3

[32meth_call[0m
  Contract call:       CrowdFund#getContributionAmount
  From:                0x90f79bf6eb2c4f870365e785982e1f101e93b906
  To:                  0x5fbdb2315678afecb367f032d93f642f64180aa3

[32meth_call[0m
  Contract call:       CrowdFund#projects
  From:                0xf39fd6e51aad88f6f4ce6ab8827279cfffb92266
  To:                  0x5fbdb2315678afecb367f032d93f642f64180aa3

[32meth_call[0m
  Contract call:       CrowdFund#getContributionAmount
  From:                0xf39fd6e51aad88f6f4ce6ab8827279cfffb92266
  To:                  0x5fbdb2315678afecb367f032d93f642f64180aa3

[32meth_call[0m
  Contract call:       CrowdFund#getContributionAmount
  From:                0xf39fd6e51aad88f6f4ce6ab8827279cfffb92266
  To:                  0x5fbdb2315678afecb367f032d93f642f64180aa3

[32meth_call[0m
  Contract call:       CrowdFund#getProjectMilestones
  From:                0xf39fd6e51aad88f6f4ce6ab8827279cfffb92266
  To:                  0x5fbdb2315678afecb367f032d93f642f64180aa3

[32meth_call[0m
  Contract call:       CrowdFund#getProjectMilestones
  From:                0xf39fd6e51aad88f6f4ce6ab8827279cfffb92266
  To:                  0x5fbdb2315678afecb367f032d93f642f64180aa3

[32meth_blockNumber[0m
[32meth_blockNumber (2)[0m
[32meth_blockNumber (3)[0m
[32meth_blockNumber (4)[0m
[32meth_blockNumber (5)[0m
[32meth_blockNumber (6)[0m
[32meth_blockNumber (7)[0m
[32meth_blockNumber (8)[0m
[32meth_blockNumber (9)[0m
[32meth_blockNumber (10)[0m
[32meth_blockNumber (11)[0m
[32meth_blockNumber (12)[0m
[32meth_blockNumber (13)[0m
[32meth_blockNumber (14)[0m
[32meth_blockNumber (15)[0m
[32meth_blockNumber (16)[0m
[32meth_blockNumber (17)[0m
[32meth_blockNumber (18)[0m
[32meth_blockNumber (19)[0m
[32meth_blockNumber (20)[0m
[32meth_blockNumber (21)[0m
[32meth_estimateGas[0m
[32meth_getCode[0m
[32meth_getCode (2)[0m
[31meth_call[0m
  Contract call:       CrowdFund#<unrecognized-selector>
  From:                0xf39fd6e51aad88f6f4ce6ab8827279cfffb92266
  To:                  0x5fbdb2315678afecb367f032d93f642f64180aa3

  Error: Transaction reverted without a reason

[31meth_call[0m
  Contract call:       CrowdFund#<unrecognized-selector>
  From:                0xf39fd6e51aad88f6f4ce6ab8827279cfffb92266
  To:                  0x5fbdb2315678afecb367f032d93f642f64180aa3

  Error: Transaction reverted without a reason

[31meth_call[0m
  Contract call:       CrowdFund#<unrecognized-selector>
  From:                0xf39fd6e51aad88f6f4ce6ab8827279cfffb92266
  To:                  0x5fbdb2315678afecb367f032d93f642f64180aa3

  Error: Transaction reverted without a reason

[31meth_call[0m
  Contract call:       CrowdFund#<unrecognized-selector>
  From:                0xf39fd6e51aad88f6f4ce6ab8827279cfffb92266
  To:                  0x5fbdb2315678afecb367f032d93f642f64180aa3

  Error: Transaction reverted without a reason

[31meth_call[0m
  Contract call:       CrowdFund#<unrecognized-selector>
  From:                0xf39fd6e51aad88f6f4ce6ab8827279cfffb92266
  To:                  0x5fbdb2315678afecb367f032d93f642f64180aa3

  Error: Transaction reverted without a reason

[31meth_call[0m
  Contract call:       CrowdFund#<unrecognized-selector>
  From:                0xf39fd6e51aad88f6f4ce6ab8827279cfffb92266
  To:                  0x5fbdb2315678afecb367f032d93f642f64180aa3

  Error: Transaction reverted without a reason

[31meth_call[0m
  Contract call:       CrowdFund#<unrecognized-selector>
  From:                0xf39fd6e51aad88f6f4ce6ab8827279cfffb92266
  To:                  0x5fbdb2315678afecb367f032d93f642f64180aa3

  Error: Transaction reverted without a reason

[31meth_call[0m
  Contract call:       CrowdFund#<unrecognized-selector>
  From:                0xf39fd6e51aad88f6f4ce6ab8827279cfffb92266
  To:                  0x5fbdb2315678afecb367f032d93f642f64180aa3

  Error: Transaction reverted without a reason

[31meth_call[0m
  Contract call:       CrowdFund#<unrecognized-selector>
  From:                0xf39fd6e51aad88f6f4ce6ab8827279cfffb92266
  To:                  0x5fbdb2315678afecb367f032d93f642f64180aa3

  Error: Transaction reverted without a reason

[32meth_getTransactionCount[0m
[32meth_sendRawTransaction[0m
  Contract call:       CrowdFund#executeMilestone
  Transaction:         0x7407573ace4ba396bf0cff7a539dc50be362b83d022b491755df7530da152182
  From:                0xf39fd6e51aad88f6f4ce6ab8827279cfffb92266
  To:                  0x5fbdb2315678afecb367f032d93f642f64180aa3
  Value:               0 ETH
  Gas used:            89169 of 89517
  Block #20:           0x7b30c76035e7b14b09e541f0703c46b531d9ee5338f840a7a4cce7ffcca4247c

[31meth_call[0m
  Contract call:       CrowdFund#<unrecognized-selector>
  From:                0xf39fd6e51aad88f6f4ce6ab8827279cfffb92266
  To:                  0x5fbdb2315678afecb367f032d93f642f64180aa3

  Error: Transaction reverted without a reason

[31meth_call[0m
  Contract call:       CrowdFund#<unrecognized-selector>
  From:                0xf39fd6e51aad88f6f4ce6ab8827279cfffb92266
  To:                  0x5fbdb2315678afecb367f032d93f642f64180aa3

  Error: Transaction reverted without a reason

[32meth_getTransactionReceipt[0m
[32meth_blockNumber[0m
[31meth_call[0m
  Contract call:       CrowdFund#<unrecognized-selector>
  From:                0xf39fd6e51aad88f6f4ce6ab8827279cfffb92266
  To:                  0x5fbdb2315678afecb367f032d93f642f64180aa3

  Error: Transaction reverted without a reason

[31meth_call[0m
  Contract call:       CrowdFund#<unrecognized-selector>
  From:                0xf39fd6e51aad88f6f4ce6ab8827279cfffb92266
  To:                  0x5fbdb2315678afecb367f032d93f642f64180aa3

  Error: Transaction reverted without a reason

[32meth_getBlockByNumber[0m
[32meth_getLogs[0m
[32meth_getLogs (2)[0m
[32meth_getLogs (3)[0m
[32meth_getLogs (4)[0m
[32meth_getLogs (5)[0m
[32meth_getLogs (6)[0m
[32meth_getLogs (7)[0m
[32meth_getLogs (8)[0m
[32meth_getLogs (9)[0m
[32meth_getBalance[0m
[32meth_getBalance (2)[0m
[32meth_getBalance (3)[0m
[32meth_getBalance (4)[0m
[32meth_getBalance (5)[0m
[32meth_getBalance (6)[0m
[32meth_getBalance (7)[0m
[32meth_getBalance (8)[0m
[32meth_getBalance (9)[0m
[32meth_getBalance (10)[0m
[32meth_getBalance (11)[0m
[32meth_getBalance (12)[0m
[32meth_getBalance (13)[0m
[32meth_getBalance (14)[0m
[32meth_getBalance (15)[0m
[32meth_getBalance (16)[0m
[32meth_getBalance (17)[0m
[32meth_getBalance (18)[0m
[32meth_getBalance (19)[0m
[32meth_getBalance (20)[0m
[32meth_getBalance (21)[0m
[32meth_getBalance (22)[0m
[32meth_getBalance (23)[0m
[32meth_getBalance (24)[0m
[32meth_getBalance (25)[0m
[32meth_getBalance (26)[0m
[32meth_getBalance (27)[0m
[32meth_getBalance (28)[0m
[32meth_getBalance (29)[0m
[32meth_getBalance (30)[0m
[32meth_getBalance (31)[0m
[32meth_getBalance (32)[0m
[32meth_getBalance (33)[0m
[32meth_getBalance (34)[0m
[32meth_getBalance (35)[0m
[32meth_getBalance (36)[0m
[32meth_getBalance (37)[0m
[32meth_getBalance (38)[0m
[32meth_getBalance (39)[0m
[32meth_getBalance (40)[0m
[32meth_getBalance (41)[0m
[32meth_getBalance (42)[0m
[32meth_getBalance (43)[0m
[32meth_getBalance (44)[0m
[32meth_getBalance (45)[0m
[32meth_getBalance (46)[0m
[32meth_getBalance (47)[0m
[32meth_getBalance (48)[0m
[32meth_getBalance (49)[0m
[32meth_getBalance (50)[0m
[32meth_getBalance (51)[0m
[32meth_getBalance (52)[0m
[32meth_getBalance (53)[0m
[32meth_getBalance (54)[0m
[32meth_getBalance (55)[0m
[32meth_getBalance (56)[0m
[32meth_getBalance (57)[0m
[32meth_getBalance (58)[0m
[32meth_getBalance (59)[0m
[32meth_getBalance (60)[0m
[32meth_getBalance (61)[0m
[32meth_getBalance (62)[0m
[32meth_getBalance (63)[0m
[32meth_getBalance (64)[0m
[32meth_getBalance (65)[0m
[32meth_getBalance (66)[0m
[32meth_getBalance (67)[0m
[32meth_getBalance (68)[0m
[32meth_getBalance (69)[0m
[32meth_getBalance (70)[0m
[32meth_getBalance (71)[0m
[32meth_getBalance (72)[0m
[32meth_getBalance (73)[0m
[32meth_getBalance (74)[0m
[32meth_getBalance (75)[0m
[32meth_getBalance (76)[0m
[32meth_getBalance (77)[0m
[32meth_getBalance (78)[0m
[32meth_getBalance (79)[0m
[32meth_getBalance (80)[0m
[32meth_getBalance (81)[0m
[32meth_getBalance (82)[0m
[32meth_getBalance (83)[0m
[32meth_getBalance (84)[0m
[32meth_getBalance (85)[0m
[32meth_getBalance (86)[0m
[32meth_getBalance (87)[0m
[32meth_getBalance (88)[0m
[32meth_getBalance (89)[0m
[32meth_getBalance (90)[0m
[32meth_getBalance (91)[0m
[32meth_getBalance (92)[0m
[32meth_getBalance (93)[0m
[32meth_getBalance (94)[0m
[32meth_getBalance (95)[0m
[32meth_getBalance (96)[0m
[32meth_getBalance (97)[0m
[32meth_getBalance (98)[0m
[32meth_getBalance (99)[0m
[32meth_getBalance (100)[0m
[32meth_getBalance (101)[0m
[32meth_getBalance (102)[0m
[32meth_getBalance (103)[0m
[32meth_getBalance (104)[0m
[32meth_getBalance (105)[0m
[32meth_getBalance (106)[0m
[32meth_getBalance (107)[0m
[32meth_getBalance (108)[0m
[32meth_getBalance (109)[0m
[32meth_getBalance (110)[0m
[32meth_getBalance (111)[0m
[32meth_getBalance (112)[0m
[32meth_getBalance (113)[0m
[32meth_getBalance (114)[0m
[32meth_getBalance (115)[0m
[32meth_getBalance (116)[0m
[32meth_getBalance (117)[0m
[32meth_getBalance (118)[0m
[32meth_getBalance (119)[0m
[32meth_getBalance (120)[0m
[32meth_getBalance (121)[0m
[32meth_getBalance (122)[0m
[32meth_getBalance (123)[0m
[32meth_getBalance (124)[0m
[32meth_getBalance (125)[0m
[32meth_getBalance (126)[0m
[32meth_getBalance (127)[0m
[32meth_getBalance (128)[0m
[32meth_getBalance (129)[0m
[32meth_getBalance (130)[0m
[32meth_getBalance (131)[0m
[32meth_getBalance (132)[0m
[32meth_getBalance (133)[0m
[32meth_getBalance (134)[0m
[32meth_getBalance (135)[0m
[32meth_getBalance (136)[0m
[32meth_call[0m
  Contract call:       CrowdFund#projectCounter
  From:                0xf39fd6e51aad88f6f4ce6ab8827279cfffb92266
  To:                  0x5fbdb2315678afecb367f032d93f642f64180aa3

[32meth_call[0m
  Contract call:       CrowdFund#projects
  From:                0xf39fd6e51aad88f6f4ce6ab8827279cfffb92266
  To:                  0x5fbdb2315678afecb367f032d93f642f64180aa3

[32meth_call[0m
  Contract call:       CrowdFund#projects
  From:                0xf39fd6e51aad88f6f4ce6ab8827279cfffb92266
  To:                  0x5fbdb2315678afecb367f032d93f642f64180aa3

[32meth_call[0m
  Contract call:       CrowdFund#getContributionAmount
  From:                0xf39fd6e51aad88f6f4ce6ab8827279cfffb92266
  To:                  0x5fbdb2315678afecb367f032d93f642f64180aa3

[32meth_call[0m
  Contract call:       CrowdFund#getContributionAmount
  From:                0xf39fd6e51aad88f6f4ce6ab8827279cfffb92266
  To:                  0x5fbdb2315678afecb367f032d93f642f64180aa3

[32meth_blockNumber[0m
[32meth_call[0m
  Contract call:       CrowdFund#getProjectMilestones
  From:                0xf39fd6e51aad88f6f4ce6ab8827279cfffb92266
  To:                  0x5fbdb2315678afecb367f032d93f642f64180aa3

[32meth_call[0m
  Contract call:       CrowdFund#getProjectMilestones
  From:                0xf39fd6e51aad88f6f4ce6ab8827279cfffb92266
  To:                  0x5fbdb2315678afecb367f032d93f642f64180aa3

[32meth_getTransactionReceipt[0m
[32meth_getBlockByHash[0m
[31meth_call[0m
  Contract call:       CrowdFund#<unrecognized-selector>
  From:                0xf39fd6e51aad88f6f4ce6ab8827279cfffb92266
  To:                  0x5fbdb2315678afecb367f032d93f642f64180aa3

  Error: Transaction reverted without a reason

[31meth_call[0m
  Contract call:       CrowdFund#<unrecognized-selector>
  From:                0xf39fd6e51aad88f6f4ce6ab8827279cfffb92266
  To:                  0x5fbdb2315678afecb367f032d93f642f64180aa3

  Error: Transaction reverted without a reason

[31meth_call[0m
  Contract call:       CrowdFund#<unrecognized-selector>
  From:                0xf39fd6e51aad88f6f4ce6ab8827279cfffb92266
  To:                  0x5fbdb2315678afecb367f032d93f642f64180aa3

  Error: Transaction reverted without a reason

[31meth_call[0m
  Contract call:       CrowdFund#<unrecognized-selector>
  From:                0xf39fd6e51aad88f6f4ce6ab8827279cfffb92266
  To:                  0x5fbdb2315678afecb367f032d93f642f64180aa3

  Error: Transaction reverted without a reason

[32meth_gasPrice[0m
[32meth_blockNumber[0m
[32meth_blockNumber (2)[0m
[32meth_blockNumber (3)[0m
[32meth_blockNumber (4)[0m
[32meth_blockNumber (5)[0m
[32meth_blockNumber (6)[0m
[32meth_blockNumber (7)[0m
[32meth_blockNumber (8)[0m
[32meth_blockNumber (9)[0m
[32meth_blockNumber (10)[0m
[32meth_blockNumber (11)[0m
[32meth_blockNumber (12)[0m
[32meth_blockNumber (13)[0m
[32meth_blockNumber (14)[0m
[32meth_blockNumber (15)[0m
[32meth_blockNumber (16)[0m
[32meth_blockNumber (17)[0m
[32meth_blockNumber (18)[0m
[32meth_blockNumber (19)[0m
[32meth_blockNumber (20)[0m
[32meth_blockNumber (21)[0m
[32meth_blockNumber (22)[0m
[32meth_blockNumber (23)[0m
[32meth_blockNumber (24)[0m
[32meth_blockNumber (25)[0m
[32meth_blockNumber (26)[0m
[32meth_blockNumber (27)[0m
[32meth_blockNumber (28)[0m
[32meth_blockNumber (29)[0m
[32meth_blockNumber (30)[0m
[32meth_blockNumber (31)[0m
[32meth_blockNumber (32)[0m
[32meth_blockNumber (33)[0m
[32meth_blockNumber (34)[0m
[32meth_blockNumber (35)[0m
[32meth_blockNumber (36)[0m
[32meth_blockNumber (37)[0m
[32meth_blockNumber (38)[0m
[32meth_blockNumber (39)[0m
[32meth_blockNumber (40)[0m
[32meth_blockNumber (41)[0m
[32meth_blockNumber (42)[0m
[32meth_blockNumber (43)[0m
[32meth_blockNumber (44)[0m
[32meth_blockNumber (45)[0m
[32meth_blockNumber (46)[0m
[32meth_blockNumber (47)[0m
[32meth_blockNumber (48)[0m
[32meth_blockNumber (49)[0m
[32meth_blockNumber (50)[0m
